video_id,title,published_at,period,duration,view_count,comment_count,youtube_url,current_db_label,review_label,needs_review,candidate_confidence,label_status,labeler,labeled_at,notes,evidence
hA6_LLeAw7c,民意調查台灣城市最無聊的竟然是！？我們花一天的時間去體驗！THE MOST BORING CITY OF TAIWAN,2020-02-02T04:00:06Z,pre,PT15M5S,880499,2240,https://www.youtube.com/watch?v=hA6_LLeAw7c,collab,collab,False,,,human,2026-05-02 17:50:27,,
Yf0hAVvACuc,台北路上抓人晚上唱歌，會有人參加嗎?! Inviting Strangers to Join us for Karaoke,2020-02-13T04:00:02Z,pre,PT10M9S,234522,562,https://www.youtube.com/watch?v=Yf0hAVvACuc,collab,collab,False,,,human,2026-05-02 17:50:27,,
X7iw5oGLnjg,旅遊飛鏢射世界地圖，射到哪就去哪！地點跟天氣預報令人崩潰 TRAVELING TO WHEREVER THE DART LANDS ON THE WORLD MAP,2020-02-27T04:00:05Z,pre,PT13M29S,2326661,2279,https://www.youtube.com/watch?v=X7iw5oGLnjg,collab,collab,False,,,human,2026-05-02 17:50:27,,
WQb6dnbENpw,用西語生存一天！在墨西哥跳脫舒適圈！ 超尷尬爆笑的對話！SPEAKING SPANISH IN MEXICO FOR A DAY,2020-03-13T04:00:04Z,pre,PT10M50S,607775,574,https://www.youtube.com/watch?v=WQb6dnbENpw,collab,collab,False,,,human,2026-05-02 17:50:27,,
Jkgg7hASZ_U,台灣人在加州 ｜灣區封城 ｜新型冠狀病毒全球疫情 ｜ 美國淪陷 ｜一起來抗疫｜CORONAVIRUS | BAY AREA LOCKDOWN,2020-03-22T03:00:03Z,pre,PT6M28S,95010,92,https://www.youtube.com/watch?v=Jkgg7hASZ_U,collab,collab,False,,,human,2026-05-02 17:50:27,,
zJeC-bRZklw,居家隔離中可以做的10件事 ｜不再無聊了｜10 Things To Do at Home while Quarantined (Parody) | Coronavirus,2020-03-27T22:00:24Z,pre,PT3M56S,100110,123,https://www.youtube.com/watch?v=zJeC-bRZklw,collab,collab,False,,,human,2026-05-02 17:50:27,,
srYgq35FZyk,【開箱】坎昆CP值爆表 ! 五星級全包式飯店能做些什麼？！ ｜整條海岸最高級Hyatt Zilara｜ Five Stars All Inclusive Resort at Cancun Mexico,2020-04-16T03:00:09Z,pre,PT7M55S,417616,301,https://www.youtube.com/watch?v=srYgq35FZyk,collab,collab,False,,,human,2026-05-02 17:50:27,,
hHDo7PxSBdo,在蘋果公司上班的內幕！ 美國矽谷工程師學到了什麼？ 高薪福利好？！ 跟Google比起來有比較好嗎？｜Working At Apple As An Engineer,2020-04-23T03:45:00Z,pre,PT10M6S,2540677,1858,https://www.youtube.com/watch?v=hHDo7PxSBdo,ian,ian,False,,,human,2026-05-02 17:50:27,,
oBV1GTtfNLE,精算跟數據分析｜實用的技術｜什麼是精算師？｜如何成為一名精算師？｜精算師的前景？ | What is an Actuary?,2020-04-30T03:00:14Z,pre,PT9M26S,1288186,1413,https://www.youtube.com/watch?v=oBV1GTtfNLE,eric,eric,False,,,human,2026-05-02 17:50:27,,
B90Dj_eGjpY,拉斯維加斯找陌生人做挑戰 ！美國街頭玩遊戲 ｜ 世界最狂的不夜城 ｜老外直接飆髒話！｜Las Vegas,2020-05-07T04:30:04Z,pre,PT12M9S,347150,167,https://www.youtube.com/watch?v=B90Dj_eGjpY,eric,eric,False,,,human,2026-05-02 17:50:27,,
ECl-pssKUDQ,Upright Go Review | 終於找到改善駝背的方法｜讓自己身體健康跟抱持自信的神器,2020-05-14T03:00:02Z,pre,PT7M7S,106980,101,https://www.youtube.com/watch?v=ECl-pssKUDQ,eric,eric,False,,,human,2026-05-02 17:50:27,,
ClmiALF-rgw,在美國打給陌生人清唱中文歌!! 會有人理我們嗎？解除美國人對華人的恐懼！｜排華現象｜手牽手｜Calling Strangers and Sing Chinese Songs to Them,2020-05-21T03:00:04Z,pre,PT11M18S,307042,469,https://www.youtube.com/watch?v=ClmiALF-rgw,collab,collab,False,,,human,2026-05-02 17:50:27,,
4D4o2P4x0gE,經典歌曲無旋律猜歌 【上集】 ｜你一定聽過的2000年代金曲 ｜ 七八年級生限定 ｜ 只聽歌詞也太難了吧？！,2020-05-28T03:00:01Z,pre,PT11M9S,185705,221,https://www.youtube.com/watch?v=4D4o2P4x0gE,collab,collab,False,,,human,2026-05-02 17:50:27,,
5K3XrpeqCjk,經典歌曲無旋律猜歌 【下集】 ｜你一定聽過的2000年代金曲 ｜ 七八年級生限定 ｜ 中文歌但只給英文翻譯？！,2020-05-31T03:00:00Z,pre,PT7M42S,111832,188,https://www.youtube.com/watch?v=5K3XrpeqCjk,collab,collab,False,,,human,2026-05-02 17:50:27,,
Dr9LWT0DRts,在美台灣人講解美國近況｜台灣新聞 沒告訴你的真相 ｜美國遊行暴動 ｜黑人的命也是命 | George Floyds Death causing US turmoil,2020-06-04T07:30:00Z,pre,PT8M29S,62590,176,https://www.youtube.com/watch?v=Dr9LWT0DRts,eric,eric,False,,,human,2026-05-02 17:50:27,,
4ejeXB9393Q,台灣移民美國的心路歷程 ｜ 美國讀書被欺負？！ 美國 vs 台灣的生活 教育 工作,2020-06-11T03:00:01Z,pre,PT10M18S,629332,959,https://www.youtube.com/watch?v=4ejeXB9393Q,collab,collab,False,,,human,2026-05-02 17:50:27,,
zdEneCCesM8,認識台灣的人多嗎？! 跟外國人宣傳台灣的趣知識 ! 隨機視訊Chatroulette ｜ We Tell Strangers Fun Facts about Taiwan,2020-06-18T03:36:36Z,pre,PT9M3S,120974,544,https://www.youtube.com/watch?v=zdEneCCesM8,collab,collab,False,,,human,2026-05-02 17:50:27,,
jsUFUFxOUow,經典歌曲接歌遊戲｜高難度接歌｜ 你有辦法接著唱下去嗎！｜ 你一定聽過的2000年代金曲 ｜ 七八年級生都聽過 ｜90後經典歌曲,2020-06-25T03:00:11Z,pre,PT12M46S,146551,182,https://www.youtube.com/watch?v=jsUFUFxOUow,collab,collab,False,,,human,2026-05-02 17:50:27,,
qrhKEIg7Nxk,5個一定要知道的面試訣竅跟技巧提升你的錄取率！ 蘋果工程師的面試過程 ｜面試官都在想什麼？ ｜矽谷新創公司面試都問什麼？ ｜TOP 5 INTERVIEW TIPS YOU NEED TO KNOW,2020-06-28T03:00:14Z,pre,PT12M35S,540850,469,https://www.youtube.com/watch?v=qrhKEIg7Nxk,ian,ian,False,,,human,2026-05-02 17:50:27,,
c4gdXbxY2Zg,網路運動教學救了我 ｜社群的力量｜新型冠狀病毒封城的影響 ｜HIIT高強度間歇運動,2020-07-02T03:00:04Z,pre,PT7M26S,63249,108,https://www.youtube.com/watch?v=c4gdXbxY2Zg,eric,eric,False,,,human,2026-05-02 17:50:27,,
Wo2EfETl_DI,美國矽谷公司大車拼！到底哪一家最好？｜員工福利超爽？｜微軟 領英 臉書IG 谷歌 蘋果工程師,2020-07-09T05:00:04Z,pre,PT15M51S,1352415,869,https://www.youtube.com/watch?v=Wo2EfETl_DI,ian,ian,False,,,human,2026-05-02 17:50:27,,
uc8vnLVOOOI,男人死前必做的事 ！一日賽車手 ｜ 美國賽道體驗 ｜ 有錢人的興趣｜ Leguna Seca,2020-07-16T03:00:10Z,pre,PT7M12S,151695,144,https://www.youtube.com/watch?v=uc8vnLVOOOI,ian,ian,False,,,human,2026-05-02 17:50:27,,
16Ux9Opzpcw,搭陌生人的船?! 結果濕身！美國灣區一日遊,2020-07-23T03:00:00Z,pre,PT12M34S,260104,352,https://www.youtube.com/watch?v=16Ux9Opzpcw,collab,collab,False,,,human,2026-05-02 17:50:27,,
1-5ZVxcnrJI,人生中最難的事？！一日奶爸挑戰 ｜養小孩訣竅,2020-07-30T03:00:01Z,pre,PT11M53S,413334,485,https://www.youtube.com/watch?v=1-5ZVxcnrJI,eric,eric,False,,,human,2026-05-02 17:50:27,,
AOB0SZPRyx4,"美國知名大學申請分享! 哈佛大學 柏克萊大學 加州洛杉磯大學 ｜Harvard, UC Berkeley, UCLA | 美國高中經驗分享 | The DoDo Men 嘟嘟人 ft. 哈佛姐",2020-08-06T05:15:01Z,pre,PT12M23S,901003,818,https://www.youtube.com/watch?v=AOB0SZPRyx4,collab,collab,False,,,human,2026-05-02 17:50:27,,
08Fwh0XJ8bc,崩潰的一天! 舅舅大挑戰之一日奶爸2 ｜ 哭到我也想哭了...,2020-08-13T03:00:00Z,pre,PT12M11S,593865,513,https://www.youtube.com/watch?v=08Fwh0XJ8bc,ian,ian,False,,,human,2026-05-02 17:50:27,,
Dyq-cI-d8IM,柏克萊 vs UCLA 加州大學經驗談！美國大學教了我們什麼？沒想到會有這麼奇葩的課！加州大學生活分享,2020-08-20T03:00:04Z,pre,PT12M16S,723200,736,https://www.youtube.com/watch?v=Dyq-cI-d8IM,collab,collab,False,,,human,2026-05-02 17:50:27,,
pIcjuTqKpHg,美國灣區最陡最令人崩潰的山! 爬到懷疑人生...史上最噁最健康蔬果汁懲罰!,2020-08-27T03:00:07Z,pre,PT12M50S,277287,432,https://www.youtube.com/watch?v=pIcjuTqKpHg,collab,collab,False,,,human,2026-05-02 17:50:27,,
gUyUiNb8Mrk,蘋果vs三星｜開箱包裝｜開箱體驗差超多！｜蘋果包裝工程師,2020-09-03T03:00:06Z,pre,PT10M48S,707051,2059,https://www.youtube.com/watch?v=gUyUiNb8Mrk,ian,ian,False,,,human,2026-05-02 17:50:27,,
8fC-Urpu1Ns,10萬訂閱Q&A！為什麼要跳脫舒適圈？？ 我們在一起嗎？！ | The DoDo Men 嘟嘟人,2020-09-10T03:00:00Z,pre,PT18M31S,592832,1183,https://www.youtube.com/watch?v=8fC-Urpu1Ns,collab,collab,False,,,human,2026-05-02 17:50:27,,
vBn1fKa7hzE,怎麼成為精算師？｜你適合這個事業嗎？｜考試怎麼準備？｜讀什麼科系？,2020-09-13T04:30:02Z,pre,PT10M1S,368621,554,https://www.youtube.com/watch?v=vBn1fKa7hzE,eric,eric,False,,,human,2026-05-02 17:50:27,,
M8DM25n8VNc,麥當勞唱歌點餐超尷尬！迪士尼人物出現鬧場！美國人到底都點些什麼？,2020-09-17T03:00:02Z,pre,PT9M35S,842615,849,https://www.youtube.com/watch?v=M8DM25n8VNc,collab,collab,False,,,human,2026-05-02 17:50:27,,
925TACAdBgc,美國公路旅遊 【上集】在黃石公園被牛包圍 ！全美國最有名的溫泉跟噴泉！｜The DoDo Men 嘟嘟人,2020-09-24T04:00:01Z,pre,PT14M27S,578686,432,https://www.youtube.com/watch?v=925TACAdBgc,collab,collab,False,,,human,2026-05-02 17:50:27,,
dVXeMu7NUuE,美國公路旅遊 【下集】結果冷門的國家公園最厲害？ 阿甘正傳的拍攝地點！｜The DoDo Men 嘟嘟人,2020-10-01T04:00:09Z,pre,PT15M5S,387084,563,https://www.youtube.com/watch?v=dVXeMu7NUuE,collab,collab,False,,,human,2026-05-02 17:50:27,,
gTMwOCf7jGk,台灣跟美國的文化也差太多了吧！？從小被打到大的心酸...台灣小孩很辛苦！美國小孩也太爽？,2020-10-07T09:00:07Z,pre,PT11M55S,335315,519,https://www.youtube.com/watch?v=gTMwOCf7jGk,collab,collab,False,,,human,2026-05-02 17:50:27,,
DUYzpdoilGE,【開箱】一晚超過兩萬台幣的沙漠露營！沒冷氣超爆熱到底貴在哪？,2020-10-15T04:58:53Z,pre,PT12M43S,561335,305,https://www.youtube.com/watch?v=DUYzpdoilGE,collab,collab,False,,,human,2026-05-02 17:50:27,,
salgAW4AP4A,辭職離開矽谷是為了什麼？2020年的重大決定! 人生中最難的決定 | The DoDo Men 嘟嘟人,2020-10-22T04:00:06Z,pre,PT8M28S,1788511,4352,https://www.youtube.com/watch?v=salgAW4AP4A,collab,collab,False,,,human,2026-05-02 17:50:27,,
qSwfcq08aCU,偷偷邀請30個陌生人給Eric的生日驚喜！ ｜ Eric的30大壽特別企劃 ｜The DoDo Men 嘟嘟人,2020-10-29T04:00:05Z,pre,PT13M45S,276866,620,https://www.youtube.com/watch?v=qSwfcq08aCU,collab,collab,False,,,human,2026-05-02 17:50:27,,
OErqxJnt-tY,你要去哪裡？! 台北人週末都在做什麼？奔波了十四個小時｜台北捷運一日遊,2020-11-05T04:15:00Z,pre,PT15M37S,766830,967,https://www.youtube.com/watch?v=OErqxJnt-tY,collab,collab,False,,,human,2026-05-02 17:50:27,,
D5JRb8h_PKM,挑戰人生清單！綠島考潛水執照過程全紀錄!｜PADI OW CERTIFIED,2020-11-12T04:00:04Z,pre,PT13M36S,270524,347,https://www.youtube.com/watch?v=D5JRb8h_PKM,collab,collab,False,,,human,2026-05-02 17:50:27,,
1uMOstjiuKM,全英文台灣高屏生存記!! 尷尬癌大爆發?! 高雄快閃活動嚇死我們了...Can English speakers survive in Southern Taiwan?,2020-11-19T04:00:00Z,pre,PT14M51S,994199,1212,https://www.youtube.com/watch?v=1uMOstjiuKM,collab,collab,False,,,human,2026-05-02 17:50:27,,
GYeEki5qGZc,跟外國人一起探索台灣！為什麼外國人想待在台灣？阿里山雲海｜墾丁國家森林遊樂區,2020-11-26T04:00:01Z,pre,PT20M38S,461543,556,https://www.youtube.com/watch?v=GYeEki5qGZc,collab,collab,False,,,human,2026-05-02 17:50:27,,
ODcUdxMJXUc,一日高中生｜ 台灣高中生都在幹嘛？｜The DoDo Men 第一次演講！,2020-12-03T04:00:05Z,pre,PT12M1S,759157,638,https://www.youtube.com/watch?v=ODcUdxMJXUc,collab,collab,False,,,human,2026-05-02 17:50:27,,
UMBbSuocqWM,讓IG粉絲決定一天的行程！結果頭髮變成粉紅色！？墾丁玩很大 | The DoDo Men 嘟嘟人,2020-12-10T04:00:02Z,pre,PT14M55S,529743,658,https://www.youtube.com/watch?v=UMBbSuocqWM,collab,collab,False,,,human,2026-05-02 17:50:27,,
Ru3OutGE7Fk,挑戰八小時找陌生人參加美式派對！嘉義人的熱情大考驗！自己都懷疑會不會成功... ｜The DoDo Men 嘟嘟人,2020-12-17T04:01:36Z,pre,PT11M53S,189398,336,https://www.youtube.com/watch?v=Ru3OutGE7Fk,collab,collab,False,,,human,2026-05-02 17:50:27,,
-YASN98Tlt4,成為百萬YouTuber最重要的關鍵原來是！？｜The DoDo Men 嘟嘟人 ft. 阿滴 Ray Du,2020-12-21T13:00:00Z,pre,PT9M59S,272318,481,https://www.youtube.com/watch?v=-YASN98Tlt4,collab,collab,False,,,human,2026-05-02 17:50:27,,
y0lP-0LVyRc,20萬訂閱帶粉絲上高級遊艇！以為可以待在舒適圈...選粉過程超傻眼！｜The DoDo Men 嘟嘟人,2020-12-24T04:00:08Z,pre,PT12M14S,197923,249,https://www.youtube.com/watch?v=y0lP-0LVyRc,collab,collab,False,,,human,2026-05-02 17:50:27,,
ib4Wq5kTnzY,2020年是最棒的一年 ｜THANK YOU 2020!,2020-12-31T04:00:06Z,pre,PT6M32S,120799,478,https://www.youtube.com/watch?v=ib4Wq5kTnzY,collab,collab,False,,,human,2026-05-02 17:50:27,,
Iamo19DE9Hg,[YES MAN系列]答應任何誇張要求的YES MAN! 做這個挑戰要三思...,2021-01-06T13:00:13Z,pre,PT12M35S,459410,446,https://www.youtube.com/watch?v=Iamo19DE9Hg,collab,collab,False,,,human,2026-05-02 17:50:27,,
NM5u4sUE8E4,給台灣『最無聊』的地方一個機會｜顛覆了我們的想法！？｜The DoDo Men 嘟嘟人,2021-01-13T13:00:07Z,pre,PT15M39S,436952,638,https://www.youtube.com/watch?v=NM5u4sUE8E4,collab,collab,False,,,human,2026-05-02 17:50:27,,
PMyKUnnnQ7Q,各縣市最有名的夜市小吃終於吃到啦！深夜肚子餓不要看！｜The DoDo Men 嘟嘟人,2021-01-20T13:00:06Z,pre,PT17M21S,543392,852,https://www.youtube.com/watch?v=PMyKUnnnQ7Q,collab,collab,False,,,human,2026-05-02 17:50:27,,
lGPbBPD2jY4,高難度農耕挑戰！超陡山坡上工作差點死掉！｜The DoDo Men 嘟嘟人,2021-01-27T13:00:32Z,pre,PT14M22S,235368,348,https://www.youtube.com/watch?v=lGPbBPD2jY4,collab,collab,False,,,human,2026-05-02 17:50:27,,
Jao76B23pEY,全英文面試考驗學生臨場反應！｜The DoDo Men 嘟嘟人,2021-01-31T04:00:03Z,pre,PT14M36S,467936,293,https://www.youtube.com/watch?v=Jao76B23pEY,collab,collab,False,,,human,2026-05-02 17:50:27,,
BtiYRs_OUYk,熱血爆表片頭曲自己唱起來！從零到有的音樂創作全記錄｜The DoDo Men 嘟嘟人,2021-02-03T13:00:07Z,pre,PT12M31S,167278,537,https://www.youtube.com/watch?v=BtiYRs_OUYk,collab,collab,False,,,human,2026-05-02 17:50:27,,
GS9hfh6PlUM,機會或命運！用錢誘惑路人接受超尷尬任務！牛年特輯！｜The DoDo Men 嘟嘟人,2021-02-10T13:00:12Z,pre,PT16M11S,193667,342,https://www.youtube.com/watch?v=GS9hfh6PlUM,collab,collab,False,,,human,2026-05-02 17:50:27,,
Mo6gyxtzxcc,24小時籌備超浪漫約會！偷幫兄弟跟女神牽紅線 | The DoDo Men 嘟嘟人 ft. @goldfishbrain,2021-02-17T13:00:19Z,pre,PT18M49S,905504,1066,https://www.youtube.com/watch?v=Mo6gyxtzxcc,eric,eric,False,,,human,2026-05-02 17:50:27,,
pSB3o9NMZeE,【學職嘟嘟列車】你該離職了嗎？主管會這樣對你嗎？！ ｜The DoDo Men 嘟嘟人,2021-02-21T04:00:06Z,pre,PT11M7S,539183,811,https://www.youtube.com/watch?v=pSB3o9NMZeE,collab,collab,False,,,human,2026-05-02 17:50:27,,
A63B2lrRAUw,走投無路我們來賣身吧！粉絲到底會要我們做什麼！？一日出租企劃 ｜The DoDo Men 嘟嘟人,2021-02-24T13:00:03Z,pre,PT12M21S,260782,325,https://www.youtube.com/watch?v=A63B2lrRAUw,collab,collab,False,,,human,2026-05-02 17:50:27,,
rP_pMFQ9jZs,窮人旅遊 vs 有錢人旅遊！讓命運決定旅遊預算｜The DoDo Men 嘟嘟人,2021-03-03T13:00:18Z,pre,PT15M44S,533553,507,https://www.youtube.com/watch?v=rP_pMFQ9jZs,collab,collab,False,,,human,2026-05-02 17:50:27,,
ZW_xq3az_hE,【學職嘟嘟列車】面試官到底最在乎什麼？千萬不要犯這個錯誤！｜The DoDo Men 嘟嘟人,2021-03-07T04:00:11Z,pre,PT14M16S,280236,458,https://www.youtube.com/watch?v=ZW_xq3az_hE,collab,collab,False,,,human,2026-05-02 17:50:27,,
Ok6BzsQz12g,一整天的生日驚喜轟炸壽星！頻道出現過的人都回來了｜The DoDo Men 嘟嘟人,2021-03-10T13:00:17Z,pre,PT21M8S,937353,1027,https://www.youtube.com/watch?v=Ok6BzsQz12g,collab,collab,False,,,human,2026-05-02 17:50:27,,
kIy1pGZl4UM,美國 vs 台灣第一學府！到底差在哪裡？台灣大學這一點超令人羨慕！｜The DoDo Men 嘟嘟人,2021-03-17T13:00:12Z,pre,PT17M3S,601002,545,https://www.youtube.com/watch?v=kIy1pGZl4UM,collab,collab,False,,,human,2026-05-02 17:50:27,,
tRhTGOrTW7I,假ABC來認識台灣秘境！台灣竟然有這些美麗的地方？！｜The DoDo Men 嘟嘟人 ft.@celineswaytravel,2021-03-24T13:00:31Z,pre,PT15M11S,777810,470,https://www.youtube.com/watch?v=tRhTGOrTW7I,collab,collab,False,,,human,2026-05-02 17:50:27,,
3JRWsTbvxXg,精算師與蘋果工程師的日常！原來腦袋都在想這些！？｜The DoDo Men 嘟嘟人,2021-03-31T13:00:01Z,pre,PT10M34S,253725,601,https://www.youtube.com/watch?v=3JRWsTbvxXg,collab,collab,False,,,human,2026-05-02 17:50:27,,
kurBAyuwpjA,【學職嘟嘟列車】我們是怎麼學好英文的？分享超強的學英文工具！| The DoDo Men 嘟嘟人,2021-04-04T04:15:25Z,pre,PT13M52S,377274,279,https://www.youtube.com/watch?v=kurBAyuwpjA,collab,collab,False,,,human,2026-05-02 17:50:27,,
toRDcnavAMM,人生中一定要嘗試的獨自旅遊！第一次獨旅直接闖入陌生人生日派對！｜The DoDo Men 嘟嘟人,2021-04-07T13:00:33Z,pre,PT15M24S,519346,747,https://www.youtube.com/watch?v=toRDcnavAMM,collab,collab,False,,,human,2026-05-02 17:50:27,,
AQCuFEDMg8s,我們到底被帶到哪裡了！？沒有手機超焦慮！｜The DoDo Men 嘟嘟人,2021-04-14T13:00:04Z,pre,PT13M20S,460992,624,https://www.youtube.com/watch?v=AQCuFEDMg8s,collab,collab,False,,,human,2026-05-02 17:50:27,,
lkPbDYiIMEY,第一次見面約會直接上飛機！交友軟體上認識的會尷尬嗎！？The Most Epic Blind Date!｜The DoDo Men 嘟嘟人,2021-04-21T13:00:18Z,pre,PT22M29S,1097715,641,https://www.youtube.com/watch?v=lkPbDYiIMEY,ian,ian,False,,,human,2026-05-02 17:50:27,,
0l8PDaFldG4,台灣素人即將取代韓國男星？韓國ㄟ金針菇親手改造！男人最需要打理的地方竟然是！？｜The DoDo Men 嘟嘟人 Feat. @ggukim,2021-04-28T13:00:00Z,pre,PT10M48S,376300,476,https://www.youtube.com/watch?v=0l8PDaFldG4,collab,collab,False,,,human,2026-05-02 17:50:27,,
MVqfL4TRUsM,【學職嘟嘟列車】在紙上呈現100%完美的你！打爆天下無敵手的履歷怎麼寫？找工作前的第一步！｜The DoDo Men 嘟嘟人,2021-05-03T12:00:06Z,pre,PT14M44S,174299,243,https://www.youtube.com/watch?v=MVqfL4TRUsM,collab,collab,False,,,human,2026-05-02 17:50:27,,
nJypEWdSIBc,【母親節企劃】精算師辭職時媽媽的反應是？不可告人的秘密全被爆出來了！｜The DoDo Men 嘟嘟人 - Eric篇,2021-05-05T13:00:19Z,pre,PT14M19S,751065,610,https://www.youtube.com/watch?v=nJypEWdSIBc,eric,eric,False,,,human,2026-05-02 17:50:27,,
qGSGzVeZEU8,【母親節企劃】離開蘋果時媽媽真正的想法！？影片裡有洋蔥！｜The DoDo Men 嘟嘟人 - Ian篇,2021-05-09T04:00:14Z,pre,PT16M41S,633336,1547,https://www.youtube.com/watch?v=qGSGzVeZEU8,ian,ian,False,,,human,2026-05-02 17:50:27,,
yQ5zpeY2x8s,台北人被壓著打屁股！？連在地人都不知道的屏東！徒手挖洞抓螃蟹！｜The DoDo Men 嘟嘟人,2021-05-12T13:00:34Z,pre,PT21M45S,475417,347,https://www.youtube.com/watch?v=yQ5zpeY2x8s,collab,collab,False,,,human,2026-05-02 17:50:27,,
SebObaDIY7E,準備三個禮拜的演講上台後還大挫屎！演講到底要如何準備？清華大學跳脫舒適圈的演講｜The DoDo Men 嘟嘟人,2021-05-19T13:00:17Z,pre,PT27M58S,279295,451,https://www.youtube.com/watch?v=SebObaDIY7E,collab,collab,False,,,human,2026-05-02 17:50:27,,
CadeacWgyk0,神默契的居家花式特技！在家防疫的高效率日常！#好家在我在家｜The DoDo Men 嘟嘟人,2021-05-23T10:00:11Z,pre,PT6M,151239,581,https://www.youtube.com/watch?v=CadeacWgyk0,collab,collab,False,,,human,2026-05-02 17:50:27,,
AUk4A-jUx1o,防疫在家超窄屋頂跑到全身殘廢！？直接破人生紀錄！｜The DoDo Men 嘟嘟人,2021-05-26T13:00:14Z,pre,PT14M,291454,495,https://www.youtube.com/watch?v=AUk4A-jUx1o,collab,collab,False,,,human,2026-05-02 17:50:27,,
fdgARDzCcn0,直接上垃圾車幫民眾收垃圾！台灣焚化廠也太像美國科技公司了吧！？原來這些東西都不能回收！？｜The DoDo Men 嘟嘟人,2021-06-02T13:00:11Z,pre,PT17M40S,990220,858,https://www.youtube.com/watch?v=fdgARDzCcn0,collab,collab,False,,,human,2026-05-02 17:50:27,,
Vz0_2P4Vdyo,超多人有這共同煩惱！幫忙解決粉絲的疑難雜症！唯一這煩惱我們無解...｜The DoDo Men 嘟嘟人,2021-06-09T13:00:13Z,pre,PT20M56S,119952,257,https://www.youtube.com/watch?v=Vz0_2P4Vdyo,collab,collab,False,,,human,2026-05-02 17:50:27,,
_Zx0kVMRiWw,BTS (防彈少年團) 'Butter' 舞蹈挑戰！居家低成本拍出相似度99%的MV！？| The DoDo Men 嘟嘟人,2021-06-16T13:00:13Z,pre,PT14M40S,480042,2688,https://www.youtube.com/watch?v=_Zx0kVMRiWw,collab,collab,False,,,human,2026-05-02 17:50:27,,
g_OAwryV70U,從矽谷離職一年後，到底得到了什麼？意見不合差點為了一個女YouTuber解散！？｜The DoDo Men 嘟嘟人,2021-06-23T13:00:15Z,pre,PT21M55S,655293,795,https://www.youtube.com/watch?v=g_OAwryV70U,collab,collab,False,,,human,2026-05-02 17:50:27,,
IVqSR_1kTNE,為了避免懲罰使出渾身解術！最後竟然靠這一招獲勝！壓克力畫挑戰｜The DoDo Men 嘟嘟人,2021-06-30T13:00:13Z,pre,PT18M52S,213308,311,https://www.youtube.com/watch?v=IVqSR_1kTNE,collab,collab,False,,,human,2026-05-02 17:50:27,,
ds2o-v2so8w,來自義大利的咖啡師煮得卻超難喝！？日曬水洗深焙中焙淺焙手沖法式壓縮虹吸煮法到底有什麼差別？｜The DoDo Men 嘟嘟人,2021-07-07T13:00:17Z,pre,PT14M43S,233954,569,https://www.youtube.com/watch?v=ds2o-v2so8w,collab,collab,False,,,human,2026-05-02 17:50:27,,
AXIA2_i0NEU,疫情在家互剪頭髮互相傷害！結果悲劇收場！｜嘟嘟人 The DoDo Men,2021-07-14T13:00:08Z,pre,PT14M14S,305856,687,https://www.youtube.com/watch?v=AXIA2_i0NEU,collab,collab,False,,,human,2026-05-02 17:50:27,,
D0o3BE7Knzw,回美國前的最後演出！從零開始到自彈自唱！ 三十萬訂閱特別企劃！｜The DoDo Men 嘟嘟人,2021-07-21T13:00:09Z,pre,PT22M42S,222394,530,https://www.youtube.com/watch?v=D0o3BE7Knzw,collab,collab,False,,,human,2026-05-02 17:50:27,,
uyv4cpD7ktA,【三十萬訂閱音樂會】YT小巨蛋吉他表演處女秀！粉絲為了獎品在家跑馬拉松！｜The DoDo Men 嘟嘟人 x 統一陽光,2021-07-28T14:53:26Z,pre,PT1H47M10S,300659,480,https://www.youtube.com/watch?v=uyv4cpD7ktA,collab,collab,False,,,human,2026-05-02 17:50:27,,
nSH_bBJjh_E,終於找到減肥成功的方法！ 180天體態改造企劃！克服小時候的夢魘！｜The DoDo Men 嘟嘟人,2021-08-04T13:00:09Z,pre,PT15M48S,573414,891,https://www.youtube.com/watch?v=nSH_bBJjh_E,eric,eric,False,,,human,2026-05-02 17:50:27,,
wkYF8Ywc7HA,2021蘋果 M1 iMac開箱！蘋果工程師來講解蘋果包裝的設計有多變態！ ｜The DoDo Men 嘟嘟人,2021-08-11T13:00:34Z,pre,PT15M11S,2060259,2324,https://www.youtube.com/watch?v=wkYF8Ywc7HA,ian,ian,False,,,human,2026-05-02 17:50:27,,
u6Gt3gxHbS4,台灣LINE辦公室的福利竟然比蘋果好！HR直接透露提高錄取率的方法！連我們都想來上班！｜The DoDo Men 嘟嘟人,2021-08-18T13:00:24Z,pre,PT17M15S,458516,343,https://www.youtube.com/watch?v=u6Gt3gxHbS4,collab,collab,False,,,human,2026-05-02 17:50:27,,
ciYYsctgmdU,DIY大改造台北住所！升級之後的夢幻工作室超搶手！｜The DoDo Men 嘟嘟人,2021-08-25T13:00:31Z,pre,PT19M47S,461580,400,https://www.youtube.com/watch?v=ciYYsctgmdU,collab,collab,False,,,human,2026-05-02 17:50:27,,
inZZEP3Mc-8,為什麼我們要回美國？來聊聊頻道的未來...公佈大消息！｜The DoDo Men 嘟嘟人,2021-09-01T13:00:35Z,pre,PT18M16S,1001135,1422,https://www.youtube.com/watch?v=inZZEP3Mc-8,collab,collab,False,,,human,2026-05-02 17:50:27,,
WpvOj3-djRM,廚房菜鳥耗費$200美金製作高級料理！VIP客人竟給五星好評！？｜The DoDo Men 嘟嘟人,2021-09-08T13:00:30Z,pre,PT23M18S,496202,876,https://www.youtube.com/watch?v=WpvOj3-djRM,collab,collab,False,,,human,2026-05-02 17:50:27,,
e_UPAEmeatI,在全美最少遊客的地方待三天！熱情當地人狂推超美秘境！這根本是美國必去吧！？｜The DoDo Men 嘟嘟人,2021-09-15T13:00:30Z,pre,PT22M19S,1645269,2628,https://www.youtube.com/watch?v=e_UPAEmeatI,collab,collab,False,,,human,2026-05-02 17:50:27,,
txcAlLD0Rb0,矇眼射美國地圖決定去哪！結果超冷門！這輩子都沒想過會來到這裡！｜The DoDo Men 嘟嘟人,2021-09-22T13:00:25Z,pre,PT25M46S,1570625,1628,https://www.youtube.com/watch?v=txcAlLD0Rb0,collab,collab,False,,,human,2026-05-02 17:50:27,,
bAiqrX_CU-w,UCLA超美校園開箱！好萊塢明星隨處可見！超奇怪的學校傳統？！｜The DoDo Men 嘟嘟人,2021-09-29T13:00:29Z,pre,PT17M38S,613459,574,https://www.youtube.com/watch?v=bAiqrX_CU-w,collab,collab,False,,,human,2026-05-02 17:50:27,,
HmQrCAArPsE,[YES MAN系列]在拉斯維加斯挑戰一整天只能說YES！差點跟西班牙美女上船！｜The DoDo Men 嘟嘟人,2021-10-06T13:00:07Z,pre,PT19M22S,862484,728,https://www.youtube.com/watch?v=HmQrCAArPsE,collab,collab,False,,,human,2026-05-02 17:50:27,,
2CSxZUTfre0,揭秘哈佛校園生活！哈佛學生都有的特質是…！？學生宿舍也太高級了吧！｜The DoDo Men 嘟嘟人,2021-10-13T13:00:03Z,pre,PT21M27S,990667,851,https://www.youtube.com/watch?v=2CSxZUTfre0,collab,collab,False,,,human,2026-05-02 17:50:27,,
bD0EGPYdNHM,全世界只有蘋果總部買得到的產品！蘋果工程師開箱iPhone13包裝｜The DoDo Men 嘟嘟人,2021-10-20T13:00:16Z,pre,PT15M27S,870502,7801,https://www.youtube.com/watch?v=bD0EGPYdNHM,collab,collab,False,,,human,2026-05-02 17:50:27,,
L6AYWFV2A6A,為什麼只佔全美面積0.03%的州會存在！？這裡竟然還有常春藤大學！？｜The DoDo Men 嘟嘟人,2021-10-27T13:00:15Z,pre,PT16M53S,863761,762,https://www.youtube.com/watch?v=L6AYWFV2A6A,collab,collab,False,,,human,2026-05-02 17:50:27,,
MORJ_3qAfIE,洛杉磯IG網美必去景點！挑戰改造3歲姪女變網美！？又慌亂又漫長的一天...｜The DoDo Men 嘟嘟人,2021-11-03T13:00:08Z,pre,PT22M41S,885009,657,https://www.youtube.com/watch?v=MORJ_3qAfIE,collab,collab,False,,,human,2026-05-02 17:50:27,,
yrRCmzXmvQ0,都沒人懂瘦子的苦！我克服多年心魔，終於達到理想體態！｜The DoDo Men 嘟嘟人,2021-11-10T13:00:26Z,pre,PT17M27S,818965,1173,https://www.youtube.com/watch?v=yrRCmzXmvQ0,ian,ian,False,,,human,2026-05-02 17:50:27,,
p0yROzyZY9E,搭沒有門的直升機看紐約超恐怖但超美！被改造到差點認不出來！｜The DoDo Men 嘟嘟人,2021-11-17T13:00:33Z,pre,PT21M17S,720997,557,https://www.youtube.com/watch?v=p0yROzyZY9E,collab,collab,False,,,human,2026-05-02 17:50:27,,
6QKXdAkf3nA,在機場問路人飛去哪，我們直接買機票殺過去！那裡竟然有外星人建築！？｜The DoDo Men 嘟嘟人,2021-11-24T13:00:04Z,pre,PT24M47S,1387547,708,https://www.youtube.com/watch?v=6QKXdAkf3nA,collab,collab,False,,,human,2026-05-02 17:50:27,,
bYR-VNjdZJM,綁架粉絲一起完成人生清單！40萬訂閱見面會只是煙霧彈！？｜The DoDo Men 嘟嘟人,2021-12-01T13:00:31Z,pre,PT15M46S,413291,713,https://www.youtube.com/watch?v=bYR-VNjdZJM,collab,collab,False,,,human,2026-05-02 17:50:27,,
90Fe4DpdK7k,被美國警察帶去荒郊野外射擊！當地美國人還逼我們吃黑蠍子...ft. @HiELIZABENNY ｜The DoDo Men 嘟嘟人,2021-12-08T13:00:06Z,pre,PT19M12S,630799,523,https://www.youtube.com/watch?v=90Fe4DpdK7k,collab,collab,False,,,human,2026-05-02 17:50:27,,
lfyUoCZUuHQ,實測兩歲寶寶大腦發展進度！外甥女也太萌了吧😍 讓舅舅也想當爸爸！｜The DoDo Men 嘟嘟人,2021-12-15T13:00:34Z,pre,PT16M20S,558534,358,https://www.youtube.com/watch?v=lfyUoCZUuHQ,eric,eric,False,,,human,2026-05-02 17:50:27,,
nTbI-jWuia4,合作吧！NIKE！ 直接殺到美國NIKE總部堵員工！｜The DoDo Men 嘟嘟人,2021-12-22T13:00:35Z,pre,PT11M34S,270176,395,https://www.youtube.com/watch?v=nTbI-jWuia4,collab,collab,False,,,human,2026-05-02 17:50:27,,
eotIhdFYjM4,挑戰10個等級的辣醬！超赤裸的你問我答！最想認識的女Youtuber是誰？！｜The DoDo Men 嘟嘟人,2021-12-29T13:00:18Z,pre,PT20M53S,672292,579,https://www.youtube.com/watch?v=eotIhdFYjM4,collab,collab,False,,,human,2026-05-02 17:50:27,,
Mb0w8xiwGQw,扮成聖誕老人在美國高級購物中心逛街！用對方的錢買聖誕禮物！錢包跳脫舒適圈 😂｜The DoDo Men 嘟嘟人,2022-01-05T13:00:10Z,pre,PT19M44S,1196070,646,https://www.youtube.com/watch?v=Mb0w8xiwGQw,collab,collab,False,,,human,2026-05-02 17:50:27,,
itRraQ6muJE,黑歷史超多的童年回憶！小時候差點被姊姊弄死...搬來美國後感情大轉變！｜The DoDo Men 嘟嘟人,2022-01-12T13:00:31Z,pre,PT17M56S,855855,589,https://www.youtube.com/watch?v=itRraQ6muJE,collab,collab,False,,,human,2026-05-02 17:50:27,,
aPscne0w3OI,接受陌生人貼文邀約！ 給六歲小女孩最溫暖的聖誕節！｜The DoDo Men 嘟嘟人,2022-01-19T13:00:01Z,pre,PT16M36S,216398,582,https://www.youtube.com/watch?v=aPscne0w3OI,collab,collab,False,,,human,2026-05-02 17:50:27,,
xjvVwPOKk0k,完成夢想在洛杉磯咖啡廳當實習生！竟然一天要喝十杯咖啡！？挑戰一天學會拉花！｜The DoDo Men 嘟嘟人,2022-01-26T13:00:43Z,pre,PT26M19S,531549,450,https://www.youtube.com/watch?v=xjvVwPOKk0k,eric,eric,False,,,human,2026-05-02 17:50:27,,
Q_jY1s0XeZ8,從蘋果辭職時姐姐超開心？！家人重男輕女超明顯...竟然為了布丁鬧家庭革命！｜The DoDo Men 嘟嘟人,2022-02-09T13:00:11Z,pre,PT13M44S,794944,287,https://www.youtube.com/watch?v=Q_jY1s0XeZ8,ian,ian,False,,,human,2026-05-02 17:50:27,,
OqNgEfKTGzU,叫Siri隨便選一個加州城市！還讓它控制一整天的行程...竟然住到豪華歐式飯店？！｜The DoDo Men 嘟嘟人,2022-02-16T13:00:22Z,pre,PT23M33S,862811,684,https://www.youtube.com/watch?v=OqNgEfKTGzU,eric,eric,False,,,human,2026-05-02 17:50:27,,
KUTiky8_7y4,夏威夷火舞體驗超酷超危險！ABC挑戰聽英文回中文超混亂...我們真的不是故意晶晶體｜The DoDo Men 嘟嘟人,2022-02-23T13:00:17Z,pre,PT23M50S,1035112,986,https://www.youtube.com/watch?v=KUTiky8_7y4,collab,collab,False,,,human,2026-05-02 17:50:27,,
XGH__rAFgHQ,攔計程車給司機決定我們的行程！夏威夷觀光客不知道的秘境！｜The DoDo Men 嘟嘟人,2022-03-02T13:00:18Z,pre,PT24M51S,1032479,505,https://www.youtube.com/watch?v=XGH__rAFgHQ,collab,collab,False,,,human,2026-05-02 17:50:27,,
1yOX-tBli9w,探索太平洋中間的神秘私人島嶼！二戰巨大幽靈船竟然擱淺在這！｜The DoDo Men 嘟嘟人,2022-03-09T13:00:01Z,pre,PT21M26S,1097656,512,https://www.youtube.com/watch?v=1yOX-tBli9w,collab,collab,False,,,human,2026-05-02 17:50:27,,
i6_EeBM9uLY,在美國最高城市嘗試超狂雪上活動！一下飛機就高山症…｜The DoDo Men 嘟嘟人,2022-03-16T13:00:20Z,pre,PT20M7S,662675,489,https://www.youtube.com/watch?v=i6_EeBM9uLY,collab,collab,False,,,human,2026-05-02 17:50:27,,
fSSl3NeguBA,生日驚喜結果是被丟包在機場！還要面對我最大的恐懼😱！以後不想過生日了…｜The DoDo Men 嘟嘟人,2022-03-23T13:00:23Z,pre,PT31M46S,1190642,7703,https://www.youtube.com/watch?v=fSSl3NeguBA,ian,ian,False,,,human,2026-05-02 17:50:27,,
mmtsOqIeYCE,跟美國路人講中文竟然有辦法溝通！？超尷尬的一天...｜The DoDo Men 嘟嘟人,2022-03-30T13:00:33Z,pre,PT17M37S,1164495,1209,https://www.youtube.com/watch?v=mmtsOqIeYCE,collab,collab,False,,,human,2026-05-02 17:50:27,,
GuTgyhErtns,砸三萬元玩刮刮樂！刮多少就去墨西哥花多少！到底是去爽還是露宿街頭就看這次了！｜The DoDo Men 嘟嘟人,2022-04-06T13:00:17Z,pre,PT26M8S,1117981,638,https://www.youtube.com/watch?v=GuTgyhErtns,collab,collab,False,,,human,2026-05-02 17:50:27,,
ntUrY0XeEA4,騎腳踏車在美國地圖上簽名！頻道史上最累的企劃！騎到屁股爛掉爆胎被狗追超崩潰...｜The DoDo Men 嘟嘟人,2022-04-13T13:00:13Z,pre,PT28M37S,1134009,1745,https://www.youtube.com/watch?v=ntUrY0XeEA4,collab,collab,False,,,human,2026-05-02 17:50:27,,
GL367iXvnAU,跟隨當地墨西哥人去他們的工作場所！誤闖知名香港導演的新電影拍攝！｜The DoDo Men 嘟嘟人,2022-04-20T13:00:07Z,pre,PT19M27S,555085,562,https://www.youtube.com/watch?v=GL367iXvnAU,collab,collab,False,,,human,2026-05-02 17:50:27,,
xajDLc-30wQ,[YES MAN系列]一日Yes Man墨西哥版！當地暗黑料理全部摸一遍！不要再叫我吃這些怪東西了...｜The DoDo Men 嘟嘟人,2022-04-27T13:00:35Z,pre,PT20M15S,653276,429,https://www.youtube.com/watch?v=xajDLc-30wQ,collab,collab,False,,,human,2026-05-02 17:50:27,,
LdQ50ss2SyI,一無所有被矇眼丟到墨西哥偏僻角落！被帶去暗巷實在有夠可怕...我只想要回家！｜The DoDo Men 嘟嘟人,2022-05-04T13:00:12Z,pre,PT24M38S,887608,1339,https://www.youtube.com/watch?v=LdQ50ss2SyI,collab,collab,False,,,human,2026-05-02 17:50:27,,
ZwoKiG-JMvI,一日Taco廚師！隨機走進餐廳拜師學做墨西哥美食！墨西哥廚師都鐵沙掌？！｜The DoDo Men 嘟嘟人,2022-05-11T13:00:20Z,pre,PT23M42S,484305,332,https://www.youtube.com/watch?v=ZwoKiG-JMvI,collab,collab,False,,,human,2026-05-02 17:50:27,,
nOnDtrz4BQI,如何度過隔離的漫長時間！？防疫隔離的互整挑戰！第一天就戳到下下籤超衰...｜The DoDo Men 嘟嘟人,2022-05-18T13:00:28Z,pre,PT22M23S,533783,2222,https://www.youtube.com/watch?v=nOnDtrz4BQI,eric,eric,False,,,human,2026-05-02 17:50:27,,
STp1piWaLkE,回台灣的充實隔離時光！吃爆台灣美食！這些挑戰我做的好累...｜The DoDo Men 嘟嘟人,2022-05-25T13:00:10Z,pre,PT27M31S,532858,512,https://www.youtube.com/watch?v=STp1piWaLkE,ian,ian,False,,,human,2026-05-02 17:50:27,,
d9klxplIcmE,17天隔離期間挑戰學會後空翻！一個人在家學真的超危險⚠️！！｜The DoDo Men 嘟嘟人,2022-06-01T13:00:19Z,pre,PT17M34S,276817,471,https://www.youtube.com/watch?v=d9klxplIcmE,ian,ian,False,,,human,2026-05-02 17:50:27,,
AzumKj6Ni7c,獎勵完成一年企劃的超強粉絲！直接帶她去三天兩夜的度假！這裡也太美了吧！｜The DoDo Men 嘟嘟人,2022-06-08T13:00:06Z,pre,PT28M14S,813069,443,https://www.youtube.com/watch?v=AzumKj6Ni7c,collab,collab,False,,,human,2026-05-02 17:50:27,,
Xktj3rQxVrw,8小時戲曲速成直接上台演出！使出渾身解術後空翻飛踢樣樣來！｜The DoDo Men 嘟嘟人,2022-06-15T13:00:28Z,pre,PT19M36S,173880,235,https://www.youtube.com/watch?v=Xktj3rQxVrw,collab,collab,False,,,human,2026-05-02 17:50:27,,
746Blo_HyMI,苦練一個月困難重重的倒立挑戰！手腕受傷還是不能放棄...｜The DoDo Men 嘟嘟人,2022-06-22T13:00:41Z,pre,PT19M14S,199027,191,https://www.youtube.com/watch?v=746Blo_HyMI,eric,eric,False,,,human,2026-05-02 17:50:27,,
WlUjUwb1k7o,3天跟粉絲一起跑50公里的心路歷程！回顧台灣環島3k慢跑粉絲快閃｜The DoDo Men 嘟嘟人,2022-06-29T14:16:12Z,pre,PT1H11M24S,103852,69,https://www.youtube.com/watch?v=WlUjUwb1k7o,collab,collab,False,,,human,2026-05-02 17:50:27,,
KarUG8IGn_c,實測突然變成70歲老人！爸媽還認得出來嗎？!｜The DoDo Men 嘟嘟人,2022-07-06T13:00:19Z,pre,PT19M1S,339179,318,https://www.youtube.com/watch?v=KarUG8IGn_c,collab,collab,False,,,human,2026-05-02 17:50:27,,
dqC_loBDOLY,50萬訂閱特別企劃！第一次辦兩天一夜的營隊！帶粉絲找回初衷！｜The DoDo Men 嘟嘟人,2022-07-13T13:00:10Z,pre,PT31M43S,270984,238,https://www.youtube.com/watch?v=dqC_loBDOLY,collab,collab,False,,,human,2026-05-02 17:50:27,,
NEorXWXlj-o,60萬訂閱特別企劃！環島實現粉絲的願望！竟然有粉絲想跟我們做這個?!,2022-07-20T13:00:14Z,pre,PT27M54S,386498,270,https://www.youtube.com/watch?v=NEorXWXlj-o,collab,collab,False,,,human,2026-05-02 17:50:27,,
EfNNwPsEaFI,當CEO很難嗎？跨國AI公司的福利也太好了吧！絕對不能讓我們員工看到這一集！｜The DoDo Men 嘟嘟人,2022-07-27T13:00:08Z,pre,PT18M31S,382595,234,https://www.youtube.com/watch?v=EfNNwPsEaFI,collab,collab,False,,,human,2026-05-02 17:50:27,,
WETvXvRSMv4,第一次見面就被抓去山裡過夜！史上最outdoor約會，結果超狼狽...｜The DoDo Men 嘟嘟人,2022-08-03T13:00:18Z,pre,PT25M40S,355579,257,https://www.youtube.com/watch?v=WETvXvRSMv4,collab,collab,False,,,human,2026-05-02 17:50:27,,
9ljX3k9gJro,沒想到這挑戰有先天限制？究竟誰才是天選之人？｜The DoDo Men 嘟嘟人,2022-08-10T13:00:04Z,pre,PT18M13S,415581,224,https://www.youtube.com/watch?v=9ljX3k9gJro,collab,collab,False,,,human,2026-05-02 17:50:27,,
hK5kDScjAWY,上千人參與的環島路跑！粉絲還送上超扯的禮物！,2022-08-17T13:00:10Z,pre,PT30M58S,624350,549,https://www.youtube.com/watch?v=hK5kDScjAWY,collab,collab,False,,,human,2026-05-02 17:50:27,,
-0sMh_oXXqw,請問一下，你想現在去高空彈跳嗎？｜The DoDo Men 嘟嘟人,2022-08-24T13:00:00Z,pre,PT23M38S,711000,487,https://www.youtube.com/watch?v=-0sMh_oXXqw,collab,collab,False,,,human,2026-05-02 17:50:27,,
9pKRcWyEfZs,在機場擲硬幣決定目的地！竟誤闖無人島！｜The DoDo Men 嘟嘟人,2022-08-31T13:00:06Z,pre,PT22M6S,572096,351,https://www.youtube.com/watch?v=9pKRcWyEfZs,collab,collab,False,,,human,2026-05-02 17:50:27,,
TlEErSVcv3A,24小時瘋狂應徵！不花錢在外島打工居然可以換到這個！｜The DoDo Men 嘟嘟人,2022-09-07T13:00:27Z,pre,PT20M55S,563205,311,https://www.youtube.com/watch?v=TlEErSVcv3A,collab,collab,False,,,human,2026-05-02 17:50:27,,
52QmzKUvcjU,一天內用十元硬幣換到兩張機票！｜The DoDo Men 嘟嘟人,2022-09-14T13:00:02Z,pre,PT22M23S,623815,1105,https://www.youtube.com/watch?v=52QmzKUvcjU,collab,collab,False,,,human,2026-05-02 17:50:27,,
0pSaiAVTNvo,從17層樓高的瀑布垂降好可怕！員工旅遊到底是驚喜還是驚嚇？｜The DoDo Men 嘟嘟人,2022-09-21T13:00:00Z,pre,PT24M6S,553420,275,https://www.youtube.com/watch?v=0pSaiAVTNvo,collab,collab,False,,,human,2026-05-02 17:50:27,,
1HGQIoNc-HQ,離開台灣挑戰全美國最危險步道｜The DoDo Men 嘟嘟人,2022-09-28T13:00:01Z,pre,PT20M3S,479387,399,https://www.youtube.com/watch?v=1HGQIoNc-HQ,eric,eric,False,,,human,2026-05-02 17:50:27,,
7O0hL0s1O-k,挑戰4092公尺高的神山！還有全世界最高的鐵索！｜The DoDo Men 嘟嘟人,2022-10-05T13:00:05Z,pre,PT26M35S,849473,590,https://www.youtube.com/watch?v=7O0hL0s1O-k,ian,ian,False,,,human,2026-05-02 17:50:27,,
ObT6oiIV_PI,馬來西亞地圖隨機旅遊！造訪神秘貓城！｜The DoDo Men 嘟嘟人,2022-10-12T13:00:16Z,pre,PT19M15S,713553,814,https://www.youtube.com/watch?v=ObT6oiIV_PI,ian,ian,False,,,human,2026-05-02 17:50:27,,
zzWCezmubfw,最靠北的加拿大！跟著極圈居民出海打獵吃生肉！,2022-10-19T13:00:46Z,pre,PT22M58S,1331410,674,https://www.youtube.com/watch?v=zzWCezmubfw,collab,collab,False,,,human,2026-05-02 17:50:27,,
IQakYKuOY80,開箱極端環境下的日常生活！在加拿大極圈住一週後直接吃土｜The DoDo Men 嘟嘟人,2022-10-26T13:00:09Z,pre,PT16M57S,1362472,495,https://www.youtube.com/watch?v=IQakYKuOY80,collab,collab,False,,,human,2026-05-02 17:50:27,,
6Pe9l0hXMTo,偷偷準備Eric的生日驚喜! 矇眼帶他去挑戰全美洲最高的高空彈跳！,2022-11-02T13:00:04Z,pre,PT11M6S,517557,972,https://www.youtube.com/watch?v=6Pe9l0hXMTo,collab,collab,False,,,human,2026-05-02 17:50:27,,
hnIUvmxEha4,開新車繞加州三天！載搭便車的人到他想去的地方！,2022-11-09T13:00:20Z,pre,PT17M21S,882409,356,https://www.youtube.com/watch?v=hnIUvmxEha4,collab,collab,False,,,human,2026-05-02 17:50:27,,
w9R7YPnlicg,一日雙語婚禮主持人！加州的中西風格合併婚禮,2022-11-16T13:00:45Z,pre,PT12M2S,687378,311,https://www.youtube.com/watch?v=w9R7YPnlicg,collab,collab,False,,,human,2026-05-02 17:50:27,,
0TkBxjClrWs,我們在南美唯一的沙漠綠洲待了一晚！,2022-11-23T13:00:10Z,pre,PT20M5S,1150935,461,https://www.youtube.com/watch?v=0TkBxjClrWs,collab,collab,False,,,human,2026-05-02 17:50:27,,
84ekz1Ua80A,高山症再喘也要爬！秘魯天空之城馬丘比丘！,2022-11-30T13:00:03Z,pre,PT15M48S,967081,393,https://www.youtube.com/watch?v=84ekz1Ua80A,eric,eric,False,,,human,2026-05-02 17:50:27,,
DLlI2WKeY6I,在亞馬遜森林被迫要面對內心最深的恐懼！,2022-12-07T13:00:07Z,pre,PT26M19S,1723045,488,https://www.youtube.com/watch?v=DLlI2WKeY6I,collab,collab,False,,,human,2026-05-02 17:50:27,,
3ocq6Wax-vo,亞馬遜雨林區的漂浮城市！市場賣的東西都好神秘！,2022-12-14T13:00:03Z,pre,PT15M41S,595765,219,https://www.youtube.com/watch?v=3ocq6Wax-vo,collab,collab,False,,,human,2026-05-02 17:50:27,,
WIr6DYPWfyw,加拿大射飛鏢射到北美最東邊的城市！,2022-12-21T13:00:16Z,pre,PT18M7S,629460,349,https://www.youtube.com/watch?v=WIr6DYPWfyw,collab,collab,False,,,human,2026-05-02 17:50:27,,
1xIC9drW750,體驗古老夏威夷療法！我們終於知道夏威夷人永保快樂的秘密！,2023-01-04T13:00:02Z,pre,PT17M58S,345941,253,https://www.youtube.com/watch?v=1xIC9drW750,collab,collab,False,,,human,2026-05-02 17:50:27,,
rHlbzh37qbI,在秘魯的小鎮進入神秘的薩滿世界！一週喝四次死藤水！,2023-01-11T13:00:27Z,pre,PT27M42S,1069471,1004,https://www.youtube.com/watch?v=rHlbzh37qbI,ian,ian,False,,,human,2026-05-02 17:50:27,,
TG4_q0mtVAU,美國家前院辦CP值最高跳蚤市場“Yard Sale”！自己的寶貝被買走超捨不得...,2023-02-01T13:00:18Z,pre,PT22M7S,1168467,596,https://www.youtube.com/watch?v=TG4_q0mtVAU,collab,collab,False,,,human,2026-05-02 17:50:27,,
8wqxio28yas,開箱美國滑雪場！雙板跟單板滑雪哪個好？雙板滑雪初體驗！,2023-02-08T13:00:06Z,pre,PT19M23S,570171,265,https://www.youtube.com/watch?v=8wqxio28yas,collab,collab,False,,,human,2026-05-02 17:50:27,,
tElmjwLP_j8,不用付房租的加州城市住一晚！而且沒有警察，想幹嘛就幹嘛！😱,2023-02-15T13:00:40Z,pre,PT21M56S,1301108,818,https://www.youtube.com/watch?v=tElmjwLP_j8,collab,collab,False,,,human,2026-05-02 17:50:27,,
N2rEhPp9HX0,美國洛杉磯行程由人工智慧決定！考驗ChatGPT的成熟度！,2023-02-22T13:00:26Z,pre,PT18M39S,339280,310,https://www.youtube.com/watch?v=N2rEhPp9HX0,eric,eric,False,,,human,2026-05-02 17:50:27,,
RhDT23u-3ic,街訪路人最後一天的願望！突然帶陌生人出國！,2023-03-01T13:00:31Z,pre,PT24M53S,703542,802,https://www.youtube.com/watch?v=RhDT23u-3ic,collab,collab,False,,,human,2026-05-02 17:50:27,,
gMaNkryrLxQ,深入偏鄉當老師！都市小孩都沒有的體驗！,2023-03-08T13:00:34Z,pre,PT31M6S,501055,606,https://www.youtube.com/watch?v=gMaNkryrLxQ,collab,collab,False,,,human,2026-05-02 17:50:27,,
qzqaIPUWOeA,矇眼被丟到100公里外的陌生日本鄉鎮！用破日文想辦法回家！,2023-03-15T13:00:29Z,pre,PT27M42S,1799028,671,https://www.youtube.com/watch?v=qzqaIPUWOeA,eric,eric,False,,,human,2026-05-02 17:50:27,,
rEgRLNmR-dY,偷偷幫壽星報名脫口秀表演！六天準備上台壓力超大！,2023-03-22T13:00:40Z,pre,PT21M44S,691321,600,https://www.youtube.com/watch?v=rEgRLNmR-dY,ian,ian,False,,,human,2026-05-02 17:50:27,,
Sedf71GtFCM,最有效的飲食計畫！竟然比168斷食更厲害！ft. @RickysTime,2023-04-12T13:00:16Z,pre,PT35M1S,992939,483,https://www.youtube.com/watch?v=Sedf71GtFCM,eric,eric,False,,,human,2026-05-02 17:50:27,,
mWp1YkwyMKg,[財富自由系列] 沙灘尋寶大開眼界！竟然搜出超有價值的寶？！,2023-04-19T13:00:36Z,pre,PT13M45S,569728,633,https://www.youtube.com/watch?v=mWp1YkwyMKg,collab,collab,False,,,human,2026-05-02 17:50:27,,
1Z_l3jmlCfQ,爽花老闆的錢錢！越南旅遊想去哪就去哪！,2023-04-26T13:00:01Z,pre,PT30M35S,1133100,376,https://www.youtube.com/watch?v=1Z_l3jmlCfQ,other,other,False,,,human,2026-05-02 17:50:27,,
iOcMuJRrIYs,街頭小吃挑戰！隱藏版奇特飲食文化！,2023-05-03T13:00:34Z,pre,PT15M34S,963942,431,https://www.youtube.com/watch?v=iOcMuJRrIYs,collab,collab,False,,,human,2026-05-02 17:50:27,,
9GaKwHOmsKg,越南高級辣妹洗頭VS平民驚嚇小吃！命運決定！,2023-05-10T13:00:06Z,pre,PT23M47S,677062,158,https://www.youtube.com/watch?v=9GaKwHOmsKg,other,other,False,,,human,2026-05-02 17:50:27,,
N8ZdK1pcDqs,挑戰初馬3小半！6個月跑了6國家成為台灣最快的創作者！,2023-05-17T13:00:17Z,pre,PT36M43S,920231,1183,https://www.youtube.com/watch?v=N8ZdK1pcDqs,ian,ian,False,,,human,2026-05-02 17:50:27,,
ST9ehwqko2Y,在異國不說話能生存嗎？光剪髮就嚇歪！,2023-05-24T13:00:20Z,pre,PT19M44S,366821,717,https://www.youtube.com/watch?v=ST9ehwqko2Y,collab,collab,False,,,human,2026-05-02 17:50:27,,
P3JUlw69EKY,網友投票決定當下泰國的行程！投票結果超傻眼！,2023-05-31T13:00:18Z,pre,PT23M48S,747268,224,https://www.youtube.com/watch?v=P3JUlw69EKY,collab,collab,False,,,human,2026-05-02 17:50:27,,
PQo11v5VxMY,[YES MAN系列]一整天答應所有荒唐要求！從陽光男孩變泰國辣妹！,2023-06-07T13:00:16Z,pre,PT23M47S,593107,1000,https://www.youtube.com/watch?v=PQo11v5VxMY,collab,collab,False,,,human,2026-05-02 17:50:27,,
FW3AzyYh3TM,[財富自由系列] 台灣黃金單身漢！在美國靠黃金翻身？！,2023-06-14T13:00:21Z,pre,PT19M59S,487763,212,https://www.youtube.com/watch?v=FW3AzyYh3TM,collab,collab,False,,,human,2026-05-02 17:50:27,,
p2Xchl-juh4,全美第一國立大學的瘋狂的傳統！上千個學生只穿內衣褲上街！,2023-06-22T13:00:41Z,pre,PT16M19S,901048,534,https://www.youtube.com/watch?v=p2Xchl-juh4,collab,collab,False,,,human,2026-05-02 17:50:27,,
vz8gdmh0c_c,網友相見歡！玩到流血又流淚！曼谷街上告白豁出去了！ft.Torres Pit托哥&啊岳啪啪走 RENATO @torrespit666  @renatotsai,2023-06-28T13:00:50Z,pre,PT16M23S,246172,227,https://www.youtube.com/watch?v=vz8gdmh0c_c,collab,collab,False,,,human,2026-05-02 17:50:27,,
gOMk4ZKGx1k,挑戰四小完成首次全馬：曾經想放棄一切的人生低潮,2023-07-05T13:00:24Z,pre,PT35M1S,553664,1000,https://www.youtube.com/watch?v=gOMk4ZKGx1k,eric,eric,False,,,human,2026-05-02 17:50:27,,
shE2udBAuWA,在泰國變性手術要ＯＯ元！原來直男穿女裝化濃妝是這種感覺！,2023-07-12T13:00:50Z,pre,PT17M19S,354087,197,https://www.youtube.com/watch?v=shE2udBAuWA,collab,collab,False,,,human,2026-05-02 17:50:27,,
1IExh6_HjaQ,超過六千隻猴子霸佔了這裡！變當地居民住在籠子裡面！？,2023-07-19T13:00:02Z,pre,PT19M12S,618866,241,https://www.youtube.com/watch?v=1IExh6_HjaQ,collab,collab,False,,,human,2026-05-02 17:50:27,,
MbFJ5zb8K5Q,全世界最大的金字塔其實隱藏在中美洲森林裡！近期考古學的最大發現！,2023-07-26T13:00:22Z,pre,PT28M44S,2082601,741,https://www.youtube.com/watch?v=MbFJ5zb8K5Q,collab,collab,False,,,human,2026-05-02 17:50:27,,
LGOD9Xrxhgc,衝去溫布頓錦標賽現場！結果不用花大錢也看得到？！（一千台幣！）,2023-08-02T13:00:26Z,pre,PT12M22S,450502,332,https://www.youtube.com/watch?v=LGOD9Xrxhgc,collab,collab,False,,,human,2026-05-02 17:50:27,,
-OeuQpe9Ih8,在美國好萊塢挑戰真人版芭比與肯尼！Cosplay服裝風格讓滴妹跳脫舒適圈？！ft. 滴妹@crowndu,2023-08-09T13:00:00Z,pre,PT14M29S,398805,308,https://www.youtube.com/watch?v=-OeuQpe9Ih8,collab,collab,False,,,human,2026-05-02 17:50:27,,
MgY8WuEHHN8,砸錢競標購買巨大貨倉！根本就是充滿驚喜的福袋！,2023-08-16T13:00:28Z,pre,PT19M16S,2217231,842,https://www.youtube.com/watch?v=MgY8WuEHHN8,collab,collab,False,,,human,2026-05-02 17:50:27,,
eyojFTl9Od4,誤闖美墨邊境危險區！為何每天有30萬人冒險來拜訪！？,2023-08-23T13:00:25Z,pre,PT16M20S,2002004,626,https://www.youtube.com/watch?v=eyojFTl9Od4,collab,collab,False,,,human,2026-05-02 17:50:27,,
rn3vkZf1NEw,從天空到海底實地直擊！前進加勒比海神秘大藍洞！海底世界像是去到外太空！,2023-08-30T13:00:49Z,pre,PT18M59S,1567266,457,https://www.youtube.com/watch?v=rn3vkZf1NEw,collab,collab,False,,,human,2026-05-02 17:50:27,,
Was6tieuubI,攀上人生最困難的火山！近距離看火山爆發！,2023-09-06T13:00:32Z,pre,PT27M38S,1386326,761,https://www.youtube.com/watch?v=Was6tieuubI,collab,collab,False,,,human,2026-05-02 17:50:27,,
_SAZ64LOm18,充滿100歲健康老人的長壽島！開箱人類長壽的秘訣！｜The DoDo Men 嘟嘟人,2023-09-13T13:00:22Z,pre,PT23M16S,702899,418,https://www.youtube.com/watch?v=_SAZ64LOm18,collab,collab,False,,,human,2026-05-02 17:50:27,,
BseUdOVmGJE,美國排名一的大學食堂CP值爆表！餐餐都是豐富buffet吃到飽！ft.邰哥 @Muyao4,2023-09-20T13:00:09Z,pre,PT13M32S,1322112,425,https://www.youtube.com/watch?v=BseUdOVmGJE,collab,collab,False,,,human,2026-05-02 17:50:27,,
Yp1grcdF5SE,開箱歐洲消費最低的國家！當地人都喝街上的自來水？！,2023-09-27T13:00:34Z,pre,PT15M16S,1390183,454,https://www.youtube.com/watch?v=Yp1grcdF5SE,collab,collab,False,,,human,2026-05-02 17:50:27,,
pxhKM47-aTs,在美國洛杉磯街頭留下我們的傑作！第一次嘗試美式塗鴉！,2023-10-04T13:00:52Z,pre,PT13M12S,236602,93,https://www.youtube.com/watch?v=pxhKM47-aTs,collab,collab,False,,,human,2026-05-02 17:50:27,,
AIX_eHMkUJU,升級成老鳥的倉儲挖寶王！提高預算準備大挖一筆！,2023-10-11T13:00:07Z,pre,PT28M18S,2027752,1551,https://www.youtube.com/watch?v=AIX_eHMkUJU,collab,collab,False,,,human,2026-05-02 17:50:27,,
ToEk9VmwU0g,100小時不吃東西身體有驚人的改變？身體極限實測！,2023-10-18T13:00:32Z,pre,PT20M57S,841440,920,https://www.youtube.com/watch?v=ToEk9VmwU0g,ian,ian,False,,,human,2026-05-02 17:50:27,,
XshowwjABfQ,偷偷幫壽星報名全英文喜劇挑戰！Eric第一次講脫口秀超抖！ft. @JasonCheny,2023-10-25T13:00:23Z,pre,PT20M53S,478679,386,https://www.youtube.com/watch?v=XshowwjABfQ,eric,eric,False,,,human,2026-05-02 17:50:27,,
Ky-uCfsc4Io,美國知名台裔脫口秀高手傳授秘訣！超跳tone的訪談！ft. @JasonCheny,2023-10-27T13:00:27Z,pre,PT11M36S,630597,486,https://www.youtube.com/watch?v=Ky-uCfsc4Io,collab,collab,False,,,human,2026-05-02 17:50:27,,
G0IDrBMwaG8,Eric重新挑戰馬拉松！15週訓練全記錄！跑到終點那刻快哭了...,2023-11-01T13:00:08Z,pre,PT44M35S,1249469,1019,https://www.youtube.com/watch?v=G0IDrBMwaG8,eric,eric,False,,,human,2026-05-02 17:50:27,,
IKlYkjQGtD4,週邊直播！來回答大家的問題🙌,2023-11-03T14:01:39Z,pre,PT52M47S,65065,22,https://www.youtube.com/watch?v=IKlYkjQGtD4,collab,collab,False,,,human,2026-05-02 17:50:27,,
_mSHYRmtr_c,到底我們之間誰人氣比較高？！在走鐘獎後台找各大創作者投票！,2023-11-08T13:00:32Z,pre,PT24M34S,636188,606,https://www.youtube.com/watch?v=_mSHYRmtr_c,collab,collab,False,,,human,2026-05-02 17:50:27,,
fl5HmGz6Kwo,從美國街頭隨機抓路人回台灣！外國帥哥第一次來台直接愛上？！,2023-11-15T13:00:38Z,pre,PT40M13S,4979084,6076,https://www.youtube.com/watch?v=fl5HmGz6Kwo,collab,collab,False,,,human,2026-05-02 17:50:27,,
dJg9VDzV34k,超狂！實測走鐘獎「說走就走」入圍者！直接帶出國！ft. @Kusdream,2023-11-22T13:00:34Z,pre,PT35M42S,2840576,1535,https://www.youtube.com/watch?v=dJg9VDzV34k,collab,collab,False,,,human,2026-05-02 17:50:27,,
21j0wJwrdYw,帶員工爽玩澎湖！分組對決當場玩到生氣走心？,2023-11-29T13:00:04Z,pre,PT36M36S,1145002,596,https://www.youtube.com/watch?v=21j0wJwrdYw,other,other,False,,,human,2026-05-02 17:50:27,,
Az3dUQDpvzg,Dcard 跟嘟嘟人誰比較有名？比賽決定是超爽還是超衰行程！ft. @DcardTaiwan,2023-12-06T13:00:09Z,pre,PT29M59S,972896,318,https://www.youtube.com/watch?v=Az3dUQDpvzg,collab,collab,False,,,human,2026-05-02 17:50:27,,
eeLoT3ahaOI,美國50年老房子大翻修全記錄！這次真的搬家了…,2023-12-13T13:00:35Z,pre,PT30M39S,1053554,745,https://www.youtube.com/watch?v=eeLoT3ahaOI,ian,ian,False,,,human,2026-05-02 17:50:27,,
Pb6fpxuTyWA,菜鳥 DJ 挑戰在台北夜店精華時段表演！開箱 The DoDo Men 電音版片頭曲！,2023-12-20T13:00:30Z,pre,PT27M58S,361750,377,https://www.youtube.com/watch?v=Pb6fpxuTyWA,collab,collab,False,,,human,2026-05-02 17:50:27,,
RNthKz71KnI,受 Netflix 邀請去東京4天跟電影大咖交流！全英文訪問導演超緊張！,2023-12-27T13:00:30Z,pre,PT22M47S,446654,210,https://www.youtube.com/watch?v=RNthKz71KnI,collab,collab,False,,,human,2026-05-02 17:50:27,,
8PaObzlbupo,Netflix Rebel Moon 全英文專訪！拷問好萊塢等級男女主角跟導演超辛辣問題好刺激！,2023-12-29T13:00:06Z,pre,PT7M26S,166937,140,https://www.youtube.com/watch?v=8PaObzlbupo,collab,collab,False,,,human,2026-05-02 17:50:27,,
kcXWTiTPUow,超刺激真心話大冒險！現場變告白大會好害羞？ ft. @beautywu,2024-01-03T13:00:39Z,pre,PT23M33S,619375,231,https://www.youtube.com/watch?v=kcXWTiTPUow,other,other,False,,,human,2026-05-02 17:50:27,,
OoU5rkjYrPA,人氣樂團的一日司機！挑戰得來速點餐唱歌超尷尬！ft. @bestards8787,2024-01-10T13:00:29Z,pre,PT23M49S,528059,485,https://www.youtube.com/watch?v=OoU5rkjYrPA,collab,collab,False,,,human,2026-05-02 17:50:27,,
uU1tNNtgPb8,赤裸公開未來運勢！面相大師簡少年幫我們分析感情事業！ft. @iletyou888,2024-01-17T13:00:56Z,pre,PT27M5S,566488,307,https://www.youtube.com/watch?v=uU1tNNtgPb8,collab,collab,False,,,human,2026-05-02 17:50:27,,
SgUGGyhCuqI,2023台灣最無聊城市是哪？這裡食物也太好吃了吧！ft. @happyariel,2024-01-24T13:00:23Z,pre,PT29M8S,920175,542,https://www.youtube.com/watch?v=SgUGGyhCuqI,collab,collab,False,,,human,2026-05-02 17:50:27,,
hHO4E0jLKJk,頻道創立4年後，我們要分開了。,2024-01-31T13:00:38Z,post,PT11M,1623667,2284,https://www.youtube.com/watch?v=hHO4E0jLKJk,collab,collab,False,,,human,2026-05-02 17:50:27,,
g5wIEkg_5EQ,尋找最適合居住的城市！加拿大溫哥華超適合！？,2024-02-14T13:00:38Z,post,PT33M58S,1535765,1140,https://www.youtube.com/watch?v=g5wIEkg_5EQ,eric,eric,False,,,human,2026-05-02 17:50:27,,
kcjQ7N_jTZ8,從日本隨機帶路人回台灣！日本小帥哥第一次逛夜市超興奮！,2024-02-21T13:00:38Z,post,PT40M31S,3409228,4088,https://www.youtube.com/watch?v=kcjQ7N_jTZ8,collab,collab,False,,,human,2026-05-02 17:50:27,,
TdllVSGiyzA,開箱全世界最適合看極光的城市！挪威北極圈的冬天沒有太陽！？,2024-02-28T13:00:22Z,post,PT36M21S,2115836,1106,https://www.youtube.com/watch?v=TdllVSGiyzA,ian,ian,False,,,human,2026-05-02 17:50:27,,
2t0avuZwESY,美國街上實測蘋果未來科技！Apple Vision Pro 給我超能力！,2024-03-03T13:00:02Z,post,PT20M28S,552072,298,https://www.youtube.com/watch?v=2t0avuZwESY,eric,eric,False,,,human,2026-05-02 17:50:27,,
iPYCTHW25Hw,去芬蘭的冰湖上學甩尾飄移！一直失敗被拖車超愧疚... @junolee214,2024-03-06T13:00:37Z,post,PT27M26S,498686,377,https://www.youtube.com/watch?v=iPYCTHW25Hw,ian,ian,False,,,human,2026-05-02 17:50:27,,
LSIlh437sJ4,東京榮登最宜居城市！？太多想搬來的原因了！,2024-03-13T13:00:28Z,post,PT47M22S,3388609,1619,https://www.youtube.com/watch?v=LSIlh437sJ4,eric,eric,False,,,human,2026-05-02 17:50:27,,
O56eohn_ihI,倒數破百萬訂閱直播！！！,2024-03-18T11:19:56Z,post,PT46M,264902,709,https://www.youtube.com/watch?v=O56eohn_ihI,other,other,False,,,human,2026-05-02 17:50:27,,
VXwHEFf4fcI,飛去丹麥找丹麥帥哥玩！開箱 Anton 的哥本哈根私房景點！,2024-03-20T13:00:24Z,post,PT37M46S,2402274,2178,https://www.youtube.com/watch?v=VXwHEFf4fcI,collab,collab,False,,,human,2026-05-02 17:50:27,,
f-0ZBXKb2Qs,前蘋果包裝工程師開箱Apple Watch Ultra 2！你不知道的包裝巧思！,2024-03-27T13:00:40Z,post,PT18M3S,627541,664,https://www.youtube.com/watch?v=f-0ZBXKb2Qs,ian,ian,False,,,human,2026-05-02 17:50:27,,
OsM7-9bnnTo,一百萬個謝謝！,2024-04-01T13:00:33Z,post,PT14M14S,352489,389,https://www.youtube.com/watch?v=OsM7-9bnnTo,collab,collab,False,,,human,2026-05-02 17:50:27,,
sko52ysDhN8,參觀日本地震防災館！體驗7級地震超恐怖...｜防災知識必看這集！,2024-04-03T08:30:30Z,post,PT12M40S,442354,381,https://www.youtube.com/watch?v=sko52ysDhN8,collab,collab,False,,,human,2026-05-02 17:50:27,,
3MHPosEv5L8,從芬蘭隨機帶路人回台灣！美食之都合芬蘭人的胃口嗎？！,2024-04-03T13:00:04Z,post,PT46M10S,3035068,2950,https://www.youtube.com/watch?v=3MHPosEv5L8,ian,ian,False,,,human,2026-05-02 17:50:27,,
sTjOIHwzj60,2024春酒獎金遊戲大PK！抽最想去的國家的來回機票！,2024-04-10T13:00:51Z,post,PT31M52S,516286,250,https://www.youtube.com/watch?v=sTjOIHwzj60,other,other,False,,,human,2026-05-02 17:50:27,,
-ILDhzLvKmU,百萬YouTuber的辦公室長怎樣？打造矽谷新創風超夢幻辦公室！,2024-04-17T13:00:00Z,post,PT31M19S,858847,481,https://www.youtube.com/watch?v=-ILDhzLvKmU,ian,ian,False,,,human,2026-05-02 17:50:27,,
nYghCWuHRjY,開箱丹麥鄉下的生活！跟丹麥帥哥一起跳進近0度海水！,2024-04-24T13:00:45Z,post,PT39M54S,2075528,2032,https://www.youtube.com/watch?v=nYghCWuHRjY,collab,collab,False,,,human,2026-05-02 17:50:27,,
0gBGitEpqxY,丟包壽星在陌生國家！結果是個超浪漫生日行程！,2024-05-01T13:00:01Z,post,PT24M9S,1364164,794,https://www.youtube.com/watch?v=0gBGitEpqxY,collab,collab,False,,,human,2026-05-02 17:50:27,,
iQqNgk-tu8M,去日本找世界級調酒師！就連冰塊都隱藏這麼多奧秘！,2024-05-08T13:00:41Z,post,PT30M34S,746670,270,https://www.youtube.com/watch?v=iQqNgk-tu8M,ian,ian,False,,,human,2026-05-02 17:50:27,,
WumNL0Wye68,受Netflix邀請去紐約！挑戰一人訪問5位好萊塢巨星壓力超大？,2024-05-10T13:00:29Z,post,PT25M11S,347358,199,https://www.youtube.com/watch?v=WumNL0Wye68,eric,eric,False,,,human,2026-05-02 17:50:27,,
s6xdTuS0QHA,讓員工許願「夢想福利」超後悔拍這集？DoDo Men辦公室才有的專屬「跳脫舒適圈福利」！,2024-05-15T13:00:52Z,post,PT27M16S,739251,711,https://www.youtube.com/watch?v=s6xdTuS0QHA,other,other,False,,,human,2026-05-02 17:50:27,,
lh51pzSOREc,歐洲隨機坐火車會去到哪？看了此生最浮誇的教堂、路人意外超友善！,2024-05-22T13:00:45Z,post,PT30M33S,1437565,791,https://www.youtube.com/watch?v=lh51pzSOREc,eric,eric,False,,,human,2026-05-02 17:50:27,,
IEF0ehXNubU,全世界最貴的電影院！斥資700億台幣在裡面看電影值得嗎？,2024-05-26T13:00:24Z,post,PT10M18S,448046,151,https://www.youtube.com/watch?v=IEF0ehXNubU,eric,eric,False,,,human,2026-05-02 17:50:27,,
_JFP6mt7LzA,達爾文在這發現了進化論！揭密充滿奇特生物的偏遠島嶼！,2024-05-29T13:00:38Z,post,PT39M30S,1320128,569,https://www.youtube.com/watch?v=_JFP6mt7LzA,eric,eric,False,,,human,2026-05-02 17:50:27,,
fyu9rnwYqpU,開箱日本的零廢棄小鎮！超偏僻不到1500個居民！,2024-06-02T13:00:37Z,post,PT40M7S,1316879,747,https://www.youtube.com/watch?v=fyu9rnwYqpU,ian,ian,False,,,human,2026-05-02 17:50:27,,
imqRaw94VEc,首次踏上非洲！進入撒哈拉沙漠遊牧民族的世界！,2024-06-05T13:00:47Z,post,PT39M48S,1015064,599,https://www.youtube.com/watch?v=imqRaw94VEc,ian,ian,False,,,human,2026-05-02 17:50:27,,
z-NCerll2Yc,拉斯維加斯適合居住嗎？開箱100坪豪宅超便宜！,2024-06-12T13:00:59Z,post,PT34M7S,1306143,837,https://www.youtube.com/watch?v=z-NCerll2Yc,eric,eric,False,,,human,2026-05-02 17:50:27,,
gZAIvgcf5jU,在美國用耳機操控博恩、賀瓏搭訕路人！三人都尷尬癌發作！@StandupBrian  @hellohorlung,2024-06-14T13:00:43Z,post,PT17M47S,656992,793,https://www.youtube.com/watch?v=gZAIvgcf5jU,eric,eric,False,,,human,2026-05-02 17:50:27,,
oJhBlxe8CW4,重回母校柏克萊發現學弟妹也太爽！能圓夢闖入兄弟會派對嗎！？,2024-06-19T13:00:50Z,post,PT33M31S,756279,333,https://www.youtube.com/watch?v=oJhBlxe8CW4,eric,eric,False,,,human,2026-05-02 17:50:27,,
a4IAxEZzlig,開箱瑞典IKEA總部長怎樣？這裡的人下午三點就下班好幸福！,2024-06-26T13:04:04Z,post,PT30M12S,1637589,674,https://www.youtube.com/watch?v=a4IAxEZzlig,ian,ian,False,,,human,2026-05-02 17:50:27,,
BEYpzNY_iJM,倉儲尋寶遇職業級玩家砸30萬挖寶！這次終於開到超值錢盲盒？,2024-07-03T13:00:16Z,post,PT26M23S,2042415,1077,https://www.youtube.com/watch?v=BEYpzNY_iJM,eric,eric,False,,,human,2026-05-02 17:50:27,,
Rq0GP6JC8Ro,深遊台灣邦交國！島上竟有珍奶店！,2024-07-10T13:00:34Z,post,PT35M4S,1191328,703,https://www.youtube.com/watch?v=Rq0GP6JC8Ro,eric,eric,False,,,human,2026-05-02 17:50:27,,
-M8n8b_FOYw,和日本在地人玩爆東京！三個大直男一起解鎖女僕咖啡廳好害羞！,2024-07-17T13:00:00Z,post,PT22M7S,1010553,624,https://www.youtube.com/watch?v=-M8n8b_FOYw,ian,ian,False,,,human,2026-05-02 17:50:27,,
NHzKwRQ5kbw,讓員工射箭決定員工旅遊的國家！5天4夜又吐又拉肚子...!,2024-07-24T13:00:31Z,post,PT32M24S,1240471,713,https://www.youtube.com/watch?v=NHzKwRQ5kbw,collab,collab,False,,,human,2026-05-02 17:50:27,,
XZ6VgXqXsXE,睡在垂直峭壁超刺激！還要自己從地面爬上去！,2024-07-31T14:30:13Z,post,PT21M8S,1715822,881,https://www.youtube.com/watch?v=XZ6VgXqXsXE,eric,eric,False,,,human,2026-05-02 17:50:27,,
DZFrYbCoLEA,挑戰全程徒步攻頂馬丘比丘！四天三夜步行秘魯印加步道！,2024-08-07T13:00:14Z,post,PT35M14S,1548035,934,https://www.youtube.com/watch?v=DZFrYbCoLEA,eric,eric,False,,,human,2026-05-02 17:50:27,,
V3fzOMsklX4,超狂房租20萬還一堆人搬來紐約！？到底紐約適合居住嗎？,2024-08-11T13:00:30Z,post,PT52M17S,2484908,1643,https://www.youtube.com/watch?v=V3fzOMsklX4,eric,eric,False,,,human,2026-05-02 17:50:27,,
Pg3SvSDwnDY,和Anton在歐洲挑戰射飛鏢系列！讓命運決定我們旅遊地點！,2024-08-14T13:00:27Z,post,PT32M33S,1325424,1241,https://www.youtube.com/watch?v=Pg3SvSDwnDY,ian,ian,False,,,human,2026-05-02 17:50:27,,
G1luaR8EnSo,見到世界級偶像 Alan Walker 是什麼體驗？直接把自己做好的歌給他聽！ @Alanwalkermusic,2024-08-21T13:00:30Z,post,PT23M6S,445151,298,https://www.youtube.com/watch?v=G1luaR8EnSo,eric,eric,False,,,human,2026-05-02 17:50:27,,
nbEFVEAMiTI,我們真的帶賀瓏去非洲了！大出包卡在機場飛不了？！,2024-08-28T13:00:07Z,post,PT42M21S,2952790,5381,https://www.youtube.com/watch?v=nbEFVEAMiTI,collab,collab,False,,,human,2026-05-02 17:50:27,,
quNNIilbxUw,第一天就去2個非洲國家！爬山涉水尋找超稀有猩猩行程太硬了吧！,2024-09-04T13:00:30Z,post,PT48M9S,2507621,2022,https://www.youtube.com/watch?v=quNNIilbxUw,collab,collab,False,,,human,2026-05-02 17:50:27,,
HJ5uQCVasO8,台灣人在邦交國的生活！在海外打拼的台灣人令人感動！,2024-09-11T13:00:25Z,post,PT31M26S,661988,451,https://www.youtube.com/watch?v=HJ5uQCVasO8,eric,eric,False,,,human,2026-05-02 17:50:27,,
rtHYZCHI6GI,非洲大草原超刺激！精彩不斷的獨家畫面！,2024-09-18T13:01:02Z,post,PT40M23S,1966141,960,https://www.youtube.com/watch?v=rtHYZCHI6GI,collab,collab,False,,,human,2026-05-02 17:50:27,,
hhlpf1K4Dtw,隨機找巴黎人文化交流！冷淡的巴黎人會答應嗎？！,2024-09-25T13:00:49Z,post,PT36M29S,1415492,1385,https://www.youtube.com/watch?v=hhlpf1K4Dtw,eric,eric,False,,,human,2026-05-02 17:50:27,,
K9rbtMYkDrk,全世界最古老遊樂園長怎樣？和丹麥小帥哥坐超刺激雲霄飛車狂尖叫！,2024-10-02T13:00:24Z,post,PT22M53S,789583,427,https://www.youtube.com/watch?v=K9rbtMYkDrk,ian,ian,False,,,human,2026-05-02 17:50:27,,
1CJ-ZkHCjiQ,教世界頂級F1賽車手台式騎車🔥整場催落、超愛小籠包！,2024-10-16T13:00:01Z,post,PT28M,822801,519,https://www.youtube.com/watch?v=1CJ-ZkHCjiQ,eric,eric,False,,,human,2026-05-02 17:50:27,,
3pWV6FQoM7s,從法國隨機帶外國人回台灣！第一次來亞洲就帶他去花蓮！,2024-10-23T13:00:05Z,post,PT42M6S,3074017,4577,https://www.youtube.com/watch?v=3pWV6FQoM7s,ian,ian,False,,,human,2026-05-02 17:50:27,,
ShNeNadSOGU,探索巴黎真實生活！工作假期也太多！美食浪漫之都適合居住嗎？,2024-10-30T13:00:35Z,post,PT1H13M37S,2202074,1437,https://www.youtube.com/watch?v=ShNeNadSOGU,eric,eric,False,,,human,2026-05-02 17:50:27,,
-veFTyDxQHg,腿軟抽筋的體能挑戰！完全低估這越野接力賽！,2024-11-06T13:00:00Z,post,PT32M26S,782060,461,https://www.youtube.com/watch?v=-veFTyDxQHg,collab,collab,False,,,human,2026-05-02 17:50:27,,
kfLkQvzzCho,公路車新手一路從台北騎到高雄！有史以來最漫長的體能挑戰！ft. @eLunfitness,2024-11-13T13:00:55Z,post,PT39M4S,1450452,960,https://www.youtube.com/watch?v=kfLkQvzzCho,ian,ian,False,,,human,2026-05-02 17:50:27,,
g1MrLjeK-CY,在台北101上班原來這麼爽！酒喝到飽跟特殊的員工福利！,2024-11-16T15:01:36Z,post,PT31M52S,154140,232,https://www.youtube.com/watch?v=g1MrLjeK-CY,ian,ian,False,,,human,2026-05-02 17:50:27,,
tb0JHyh_I1E,偷偷飛到美國給Eric生日驚喜！驚喜突襲會成功嗎？,2024-11-20T13:01:12Z,post,PT22M55S,1093108,654,https://www.youtube.com/watch?v=tb0JHyh_I1E,collab,collab,False,,,human,2026-05-02 17:50:27,,
uB4CmizklyY,大家忽略掉的iPhone 16 Pro包裝細節跟今年Apple的包裝大突破！,2024-11-24T14:00:56Z,post,PT25M56S,593571,609,https://www.youtube.com/watch?v=uB4CmizklyY,ian,ian,False,,,human,2026-05-02 17:50:27,,
wn9rDTUzMdQ,史上最硬爬山行程！被印尼Rinjani火山虐爆！火山口超震撼！🔥,2024-11-27T13:01:11Z,post,PT27M57S,738159,442,https://www.youtube.com/watch?v=wn9rDTUzMdQ,ian,ian,False,,,human,2026-05-02 17:50:27,,
JU_D7biugnc,丹麥鮮肉初次約會台灣女生！拍下兩人超甜互動💕會在一起嗎？,2024-12-04T13:00:20Z,post,PT29M25S,565712,498,https://www.youtube.com/watch?v=JU_D7biugnc,other,other,False,,,human,2026-05-02 17:50:27,,
jxxuYg7phzE,走鐘獎首度奪獎！向主持前輩取經挑戰臨場反應！Feat. 好多創作者,2024-12-08T13:00:54Z,post,PT18M50S,322340,225,https://www.youtube.com/watch?v=jxxuYg7phzE,collab,collab,False,,,human,2026-05-02 17:50:27,,
NbAXN3CEqQ0,連台北人都不知道的秘境？！帶丹麥鮮肉體驗他秒被圈粉！,2024-12-11T13:00:23Z,post,PT37M1S,1056308,768,https://www.youtube.com/watch?v=NbAXN3CEqQ0,collab,collab,False,,,human,2026-05-02 17:50:27,,
3dzDHVNgdPY,丹麥鮮肉和台灣女孩露營約會！浪漫到以為在演戀愛實境秀！💕,2024-12-18T13:00:05Z,post,PT29M,824430,600,https://www.youtube.com/watch?v=3dzDHVNgdPY,collab,collab,False,,,human,2026-05-02 17:50:27,,
guvo-uB_S-A,【超級鐵人全記錄】EP1: 人生清單最恐懼的一項！🔥,2024-12-26T13:00:49Z,post,PT59M8S,1011878,1643,https://www.youtube.com/watch?v=guvo-uB_S-A,ian,ian,False,,,human,2026-05-02 17:50:27,,
zELfBg5B8cY,走進非洲最大貧民窟，這裡的真實生活震撼所有人...,2025-01-02T13:01:17Z,post,PT22M59S,1079139,507,https://www.youtube.com/watch?v=zELfBg5B8cY,ian,ian,False,,,human,2026-05-02 17:50:27,,
MSR7_DQ6SuI,獨家開箱美國馬戲團超驚險訓練！危險又迷人的職業！,2025-01-08T13:00:23Z,post,PT34M12S,667534,513,https://www.youtube.com/watch?v=MSR7_DQ6SuI,eric,eric,False,,,human,2026-05-02 17:50:27,,
WVN0uUnf5ys,住進世界最高樹屋是什麼體驗？用滑索才能抵達的神秘樹屋！？,2025-01-15T13:00:51Z,post,PT35M44S,1298978,664,https://www.youtube.com/watch?v=WVN0uUnf5ys,collab,collab,False,,,human,2026-05-02 17:50:27,,
-NJbhogxG4I,泳渡美國最難逃監獄！被恐懼吞噬游到崩潰...,2025-01-22T13:00:00Z,post,PT36M46S,1231552,1543,https://www.youtube.com/watch?v=-NJbhogxG4I,eric,eric,False,,,human,2026-05-02 17:50:27,,
x4jjgT_8f-4,探秘美國歌手日常！又苦又精彩的追夢人生！,2025-02-05T13:01:28Z,post,PT27M31S,255234,390,https://www.youtube.com/watch?v=x4jjgT_8f-4,eric,eric,False,,,human,2026-05-02 17:50:27,,
mVNxD_UjKhE,矽谷生活的真實樣貌！大家嚮往的矽谷值得嗎？,2025-02-19T13:01:10Z,post,PT1H3M54S,1338877,827,https://www.youtube.com/watch?v=mVNxD_UjKhE,eric,eric,False,,,human,2026-05-02 17:50:27,,
GkM9Uvhc8qU,亞洲最少人去的地方！只有我一個觀光客？！,2025-02-23T13:00:17Z,post,PT29M23S,885880,470,https://www.youtube.com/watch?v=GkM9Uvhc8qU,ian,ian,False,,,human,2026-05-02 17:50:27,,
BN_agToqruk,藏著巫術的菲律賓神秘小島！親身體驗快失落的巫術療法！,2025-02-26T14:20:09Z,post,PT32M21S,811906,405,https://www.youtube.com/watch?v=BN_agToqruk,ian,ian,False,,,human,2026-05-02 17:50:27,,
IYKlc_AWcjM,狂風暴雨的徒步之旅！解鎖人生清單智利百內國家公園！,2025-03-05T13:00:22Z,post,PT47M57S,1152957,733,https://www.youtube.com/watch?v=IYKlc_AWcjM,eric,eric,False,,,human,2026-05-02 17:50:27,,
Luk76_1D7e0,讓員工射飛鏢+抽機票！獎金遊戲大放送！,2025-03-12T13:00:30Z,post,PT31M22S,561271,308,https://www.youtube.com/watch?v=Luk76_1D7e0,ian,ian,False,,,human,2026-05-02 17:50:27,,
kQK-BzalxUY,【超級鐵人全記錄】EP2: 跑到吐也不能放棄！鐵人三項訓練真實紀錄壓力超大...,2025-03-19T13:01:13Z,post,PT36M10S,665050,333,https://www.youtube.com/watch?v=kQK-BzalxUY,ian,ian,False,,,human,2026-05-02 17:50:27,,
It8n5TTTDg4,巴拉圭人超愛台灣！開箱邦交國的外交生活！,2025-03-26T13:00:23Z,post,PT47M27S,865111,647,https://www.youtube.com/watch?v=It8n5TTTDg4,eric,eric,False,,,human,2026-05-02 17:50:27,,
X7lKFoR_LNE,頻道重大消息公布！ @FunkyDance,2025-04-01T04:00:33Z,post,PT15M53S,973795,2034,https://www.youtube.com/watch?v=X7lKFoR_LNE,eric,eric,False,,,human,2026-05-02 17:50:27,,
_y_NN_2CTy0,大部分的居民都不用工作! 房子都直接政府送？！,2025-04-06T13:00:54Z,post,PT35M2S,1515245,595,https://www.youtube.com/watch?v=_y_NN_2CTy0,ian,ian,False,,,human,2026-05-02 17:50:27,,
Ra2Ksib4V-E,探索周杰倫想去的神秘教堂！法國鮮肉巴黎約會行程！,2025-04-09T13:00:43Z,post,PT1H1M41S,1399687,2227,https://www.youtube.com/watch?v=Ra2Ksib4V-E,eric,eric,False,,,human,2026-05-02 17:50:27,,
ksX9LBmUtQU,讓法國小鮮肉用飛鏢射哪我們就去哪！意外發現義大利的小秘密！？,2025-04-16T13:01:31Z,post,PT34M20S,967337,900,https://www.youtube.com/watch?v=ksX9LBmUtQU,eric,eric,False,,,human,2026-05-02 17:50:27,,
gVss-fWHcJA,搭32小時飛機探索世界盡頭的生活！為什麼很多人住這！？,2025-04-23T13:01:16Z,post,PT31M9S,1569468,450,https://www.youtube.com/watch?v=gVss-fWHcJA,eric,eric,False,,,human,2026-05-02 17:50:27,,
ek2xPXFflC4,我到澳洲打工度假了！比台灣工作好賺又輕鬆？！,2025-04-30T13:01:18Z,post,PT44M1S,1073773,845,https://www.youtube.com/watch?v=ek2xPXFflC4,ian,ian,False,,,human,2026-05-02 17:50:27,,
auwnX8Mi4xg,首次開箱我洛杉磯住處！為何物價高還這麼多人搬來？！,2025-05-04T13:00:05Z,post,PT1H1M9S,1332276,924,https://www.youtube.com/watch?v=auwnX8Mi4xg,eric,eric,False,,,human,2026-05-02 17:50:27,,
WDa2ZpJgFSY,五週年特別企劃！嘟嘟人合體去粉絲家送我們最新的周邊！,2025-05-07T13:00:52Z,post,PT23M6S,298266,285,https://www.youtube.com/watch?v=WDa2ZpJgFSY,collab,collab,False,,,human,2026-05-02 17:50:27,,
f4ImEUeUdV0,五週年《Be You》周邊商品直播分享！,2025-05-08T15:40:02Z,post,PT1H16M56S,47047,15,https://www.youtube.com/watch?v=f4ImEUeUdV0,other,other,False,,,human,2026-05-02 17:50:27,,
tqXCb1g8CjI,直接跑來地球另一端長怎樣？在當地品嚐到神秘食物聽說排世界第一？！,2025-05-11T13:01:24Z,post,PT34M45S,660652,284,https://www.youtube.com/watch?v=tqXCb1g8CjI,eric,eric,False,,,human,2026-05-02 17:50:27,,
VAj-tK2s6lg,【超級鐵人全記錄】EP3: 不會游泳的人要游3.8公里！克服心中最大的恐懼！,2025-05-14T13:00:55Z,post,PT46M20S,692505,403,https://www.youtube.com/watch?v=VAj-tK2s6lg,ian,ian,False,,,human,2026-05-02 17:50:27,,
L4zwQ_SHtGA,阿根廷爆走24公里登頂看超壯觀山湖景！超近目睹超震撼冰川！,2025-05-18T13:00:39Z,post,PT31M46S,622959,321,https://www.youtube.com/watch?v=L4zwQ_SHtGA,eric,eric,False,,,human,2026-05-02 17:50:27,,
dtyjmZM_TCE,從美國殺回台灣給Ian驚喜！超近距離接觸還是沒發現！？,2025-05-21T13:01:20Z,post,PT29M27S,1225630,677,https://www.youtube.com/watch?v=dtyjmZM_TCE,collab,collab,False,,,human,2026-05-02 17:50:27,,
W9iBa96ITGk,70國創作者挑戰古堡障礙賽！在世界第一的派對島狂歡！,2025-05-28T13:00:55Z,post,PT45M37S,713735,435,https://www.youtube.com/watch?v=W9iBa96ITGk,eric,eric,False,,,human,2026-05-02 17:50:27,,
Msh2bvjzKt4,充滿小偷的巴塞隆納卻超宜居！歐洲的行人美食天堂！,2025-06-11T13:00:39Z,post,PT55M29S,1447402,723,https://www.youtube.com/watch?v=Msh2bvjzKt4,eric,eric,False,,,human,2026-05-02 17:50:27,,
JRVf4CJFzSI,新加坡榮登亞洲最宜居城市！？治安超好政府規劃一切的生活品質！,2025-06-18T13:00:42Z,post,PT1H3M46S,1241166,1628,https://www.youtube.com/watch?v=JRVf4CJFzSI,eric,eric,False,,,human,2026-05-02 17:50:27,,
9P6KUkOY7-U,【超級鐵人全記錄】EP4: 第一場的鐵人三項比賽！7個月訓練後的初鐵竟然還腸胃炎！,2025-06-25T13:00:14Z,post,PT57M43S,617829,363,https://www.youtube.com/watch?v=9P6KUkOY7-U,ian,ian,False,,,human,2026-05-02 17:50:27,,
iN-jr8JzDBA,超艱辛旅程才能抵達的印第安人隱密天地！揭秘沒人看過的美國大峽谷底部！,2025-07-02T13:01:25Z,post,PT40M20S,945879,719,https://www.youtube.com/watch?v=iN-jr8JzDBA,eric,eric,False,,,human,2026-05-02 17:50:27,,
NkB62r4k20Q,台灣人必做的事！一日單攻台灣最高峰！Ft. 融融歷險記,2025-07-09T13:00:55Z,post,PT45M31S,963968,631,https://www.youtube.com/watch?v=NkB62r4k20Q,ian,ian,False,,,human,2026-05-02 17:50:27,,
6SL9lQCoCJI,法國總統最喜歡的台灣人！馬克宏每天吃的甜點是他做的！,2025-07-23T13:00:18Z,post,PT1H11M5S,1142333,1277,https://www.youtube.com/watch?v=6SL9lQCoCJI,eric,eric,False,,,human,2026-05-02 17:50:27,,
42ybHbvn-mo,【超級鐵人全記錄】EP5: 226km最終戰！苦練了8個月就為了今天！,2025-07-30T13:00:07Z,post,PT1H3M50S,984289,1509,https://www.youtube.com/watch?v=42ybHbvn-mo,ian,ian,False,,,human,2026-05-02 17:50:27,,
a_EdTqX03-8,鐵人三項要怎麼準備？鐵人三項攻略大公開🔥,2025-08-03T13:00:06Z,post,PT38M22S,134515,164,https://www.youtube.com/watch?v=a_EdTqX03-8,ian,ian,False,,,human,2026-05-02 17:50:27,,
2RQv3kmoi6A,千人秒殺的售票見面會！準備超久現場還出大烏龍！,2025-08-06T13:00:05Z,post,PT31M22S,439000,238,https://www.youtube.com/watch?v=2RQv3kmoi6A,collab,collab,False,,,human,2026-05-02 17:50:27,,
3pOBeeozgIo,調查肥胖美國裡的綠洲！揭秘當地人長壽的秘密！,2025-08-13T13:00:06Z,post,PT34M59S,545059,357,https://www.youtube.com/watch?v=3pOBeeozgIo,eric,eric,False,,,human,2026-05-02 17:50:27,,
NhZPEv8Dl9A,一年下雨200天居然是歐洲超宜居城市！阿姆斯特丹的隱藏魅力！,2025-08-20T13:00:49Z,post,PT1H8M49S,1204718,720,https://www.youtube.com/watch?v=NhZPEv8Dl9A,eric,eric,False,,,human,2026-05-02 17:50:27,,
60RJx4gJSmk,首次成功帶美國女生回台灣！超準月老廟把她嚇傻！,2025-08-27T13:00:10Z,post,PT1H7M1S,3439124,5734,https://www.youtube.com/watch?v=60RJx4gJSmk,collab,collab,False,,,human,2026-05-02 17:50:27,,
j8-3MEVir_w,隨機決定國家結果抽到荷蘭！最貴的員工旅遊...,2025-09-03T13:01:31Z,post,PT36M30S,1542572,762,https://www.youtube.com/watch?v=j8-3MEVir_w,other,other,False,,,human,2026-05-02 17:50:27,,
us1rwb6gRQ4,全年晴天物價低的里斯本！連當地人都找不太到缺點？,2025-09-10T13:01:59Z,post,PT54M59S,1175085,659,https://www.youtube.com/watch?v=us1rwb6gRQ4,eric,eric,False,,,human,2026-05-02 17:50:27,,
81LOt5ijxdI,隨機找葡萄牙人文化交流！他們超愛台灣美食！,2025-09-17T13:00:15Z,post,PT1H4M29S,1548801,1912,https://www.youtube.com/watch?v=81LOt5ijxdI,eric,eric,False,,,human,2026-05-02 17:50:27,,
av2wHOpAZDA,標到最大最貴的倉儲！意外買到好萊塢製作人的貨櫃！？,2025-09-24T13:00:07Z,post,PT28M,1425564,1159,https://www.youtube.com/watch?v=av2wHOpAZDA,collab,collab,False,,,human,2026-05-02 17:50:27,,
PWwB7oWiAOw,抽籤七年終於能看到的大景！沿路遇到真的恐龍腳印！,2025-10-01T13:00:54Z,post,PT40M48S,883226,427,https://www.youtube.com/watch?v=PWwB7oWiAOw,eric,eric,False,,,human,2026-05-02 17:50:27,,
O7mx2aaH5nc,從荷蘭帶超年輕小帥哥回台灣！初次到亞洲旅遊結果水土不服！？,2025-10-08T13:00:48Z,post,PT1H11M29S,1671584,2735,https://www.youtube.com/watch?v=O7mx2aaH5nc,ian,ian,False,,,human,2026-05-02 17:50:27,,
RoYlSwSDFdc,【荒島求生】Day1：自己DIY蓋避難所！第一晚就快受不了超崩潰！,2025-10-22T13:00:53Z,post,PT52M38S,2430721,3096,https://www.youtube.com/watch?v=RoYlSwSDFdc,collab,collab,False,,,human,2026-05-02 17:50:27,,
OqCEDYJQvBY,【荒島求生】Day2：嚴重缺水！只好爬上超高的椰子樹！,2025-10-25T13:00:50Z,post,PT1H33S,1603569,3205,https://www.youtube.com/watch?v=OqCEDYJQvBY,collab,collab,False,,,human,2026-05-02 17:50:27,,
3rZV41etzl0,【荒島求生】Day3：下海捕魚發現超多海鮮！終於吃到肉了！,2025-10-28T13:00:17Z,post,PT43M56S,1560986,2122,https://www.youtube.com/watch?v=3rZV41etzl0,collab,collab,False,,,human,2026-05-02 17:50:27,,
w1a80AsYbAI,【荒島求生】Day4：探索無人島未知領域！找到新的食物！,2025-10-31T13:02:09Z,post,PT50M5S,1289104,2062,https://www.youtube.com/watch?v=w1a80AsYbAI,collab,collab,False,,,human,2026-05-02 17:50:27,,
bB8BYlEXAD0,【荒島求生】Day5：DIY武器跟佈置陷阱！成功捕捉到食物！？,2025-11-03T13:01:23Z,post,PT47M25S,1201066,1464,https://www.youtube.com/watch?v=bB8BYlEXAD0,collab,collab,False,,,human,2026-05-02 17:50:27,,
8YkSOn9OHfA,【荒島求生】Day6 ：親手成功做一艘船！？準備逃離無人島！,2025-11-06T13:00:16Z,post,PT39M46S,1222501,2322,https://www.youtube.com/watch?v=8YkSOn9OHfA,collab,collab,False,,,human,2026-05-02 17:50:27,,
FaZhbkGhteo,【荒島求生】Day7 ：逃離無人島！7天到底瘦幾公斤！？,2025-11-09T13:00:35Z,post,PT40M13S,1026283,1666,https://www.youtube.com/watch?v=FaZhbkGhteo,collab,collab,False,,,human,2026-05-02 17:50:27,,
3JJPnCF4IV8,直擊團隊女員工新家！意外挖到超早期的歷史照！？,2025-11-16T13:00:06Z,post,PT22M45S,542362,413,https://www.youtube.com/watch?v=3JJPnCF4IV8,ian,ian,False,,,human,2026-05-02 17:50:27,,
eBehlELcZ6k,跑了世界一圈找回真正重要的東西！終於去了我最想去的國家！,2025-11-19T13:01:24Z,post,PT35M49S,864941,888,https://www.youtube.com/watch?v=eBehlELcZ6k,ian,ian,False,,,human,2026-05-02 17:50:27,,
Hg8A8blpCqU,解鎖全世界最大的高級車展！直接體驗邊拍攝邊開車的全新科技！？,2025-11-26T13:00:39Z,post,PT36M44S,438378,234,https://www.youtube.com/watch?v=Hg8A8blpCqU,ian,ian,False,,,human,2026-05-02 17:50:27,,
LtjZ7g4Qzts,養寵物0經驗第一次就照顧100隻動物！帶毛孩放風差點失控！？,2025-12-03T13:00:50Z,post,PT40M2S,1843385,359,https://www.youtube.com/watch?v=LtjZ7g4Qzts,ian,ian,False,,,human,2026-05-02 17:50:27,,
SJWsPIKNU_E,公開 7 年前改變我們人生的那趟旅程！目前為止覺得最美的國家是這？,2025-12-07T13:01:01Z,post,PT28M14S,789106,565,https://www.youtube.com/watch?v=SJWsPIKNU_E,collab,collab,False,,,human,2026-05-02 17:50:27,,
EuvYOsJcsOo,終於跟Delaney在美國重聚！意外開箱小賈斯汀之前住的好萊塢豪宅！,2025-12-17T13:00:24Z,post,PT37M10S,1421972,1558,https://www.youtube.com/watch?v=EuvYOsJcsOo,collab,collab,False,,,human,2026-05-02 17:50:27,,
UaaLHR-8YnA,超多台灣人搬來的美國宜居城市！被這裡的人潮嚇傻！,2025-12-24T13:01:07Z,post,PT1H14M33S,1006222,672,https://www.youtube.com/watch?v=UaaLHR-8YnA,eric,eric,False,,,human,2026-05-02 17:50:27,,
WC-gA4mYJKs,帶Enzo體驗最道地的行程！算命講的超準？！,2026-01-07T13:01:08Z,post,PT35M30S,700625,1533,https://www.youtube.com/watch?v=WC-gA4mYJKs,ian,ian,False,,,human,2026-05-02 17:50:27,,
VNWfbhoa4lU,破世界紀錄高溫的死亡谷！？高溫下在路邊煮午餐會成功嗎？,2026-01-14T13:01:04Z,post,PT54M49S,1078397,780,https://www.youtube.com/watch?v=VNWfbhoa4lU,eric,eric,False,,,human,2026-05-02 17:50:27,,
cFnMpxIt_tQ,葡萄牙行程讓IG粉絲操控！結果吃到外星人海鮮！？,2026-01-21T13:01:14Z,post,PT33M57S,596887,378,https://www.youtube.com/watch?v=cFnMpxIt_tQ,eric,eric,False,,,human,2026-05-02 17:50:27,,
KEdlWS4FfpQ,2025 尾牙獎金大決鬥！20萬超級大獎一人獨得！？,2026-01-28T13:00:41Z,post,PT35M53S,628017,421,https://www.youtube.com/watch?v=KEdlWS4FfpQ,other,other,False,,,human,2026-05-02 17:50:27,,
rOdiuVgLIeE,Eric在美國華府被誤為間諜！？裴洛希親自參與臺灣國慶活動！,2026-02-04T13:01:39Z,post,PT49M47S,527849,563,https://www.youtube.com/watch?v=rOdiuVgLIeE,eric,eric,False,,,human,2026-05-02 17:50:27,,
EoS4Usdn1PY,跟倉儲職業級高手的開箱合作！從天堂到地獄的超猛倉儲競標！,2026-02-08T13:00:32Z,post,PT37M19S,1089832,1474,https://www.youtube.com/watch?v=EoS4Usdn1PY,eric,eric,False,,,human,2026-05-02 17:50:27,,
yGM2cyzOekg,到瑞士跟世界冠軍學滑浪風帆！開箱超美的瑞士小鎮！,2026-02-11T13:01:52Z,post,PT1H8M5S,347698,254,https://www.youtube.com/watch?v=yGM2cyzOekg,ian,ian,False,,,human,2026-05-02 17:50:27,,
2MRXbC1La4A,偷偷把Ian送到日本自己過生日！？心有靈犀到嚇人的一趟驚喜旅程！,2026-02-25T13:00:04Z,post,PT49M34S,1097375,9732,https://www.youtube.com/watch?v=2MRXbC1La4A,ian,ian,False,,,human,2026-05-02 17:50:27,,
4e2yF99iLgg,沙漠黃金城一夕變空城！百年廢墟現場太震撼...,2026-03-04T13:00:08Z,post,PT31M5S,599467,284,https://www.youtube.com/watch?v=4e2yF99iLgg,eric,eric,False,,,human,2026-05-02 17:50:27,,
2zQ515LdTug,全美最宜居的城市生活有多爽！房價貴到離譜還是一堆人搶著住！？,2026-03-11T13:00:12Z,post,PT55M57S,669161,379,https://www.youtube.com/watch?v=2zQ515LdTug,eric,eric,False,,,human,2026-05-02 17:50:27,,
flzcWQkc6rI,深入亞馬遜森林野外過夜！被不明生物咬到全身大過敏,2026-03-18T13:01:21Z,post,PT45M55S,821888,426,https://www.youtube.com/watch?v=flzcWQkc6rI,eric,eric,False,,,human,2026-05-02 17:50:27,,
ESEUaDtp-yw,80年從戰後重生的日本廣島！超美的日本三大景在這邊！,2026-03-22T13:00:19Z,post,PT49M19S,540949,574,https://www.youtube.com/watch?v=ESEUaDtp-yw,ian,ian,False,,,human,2026-05-02 17:50:27,,
J5vkPysXJTw,開箱冷門巴西城市生活！飛20小時過去邀請當地人來台灣！,2026-03-25T13:00:35Z,post,PT57M6S,652963,1372,https://www.youtube.com/watch?v=J5vkPysXJTw,eric,eric,False,,,human,2026-05-02 17:50:27,,
s2RQlXLSGwU,【荒島求生2】正式登場！這次我們能存活多久！？,2026-04-01T04:00:43Z,post,PT34M18S,262929,958,https://www.youtube.com/watch?v=s2RQlXLSGwU,collab,collab,False,,,human,2026-05-02 17:50:27,,
7v9Gkdv-XVA,闖進大力士比賽扛270公斤拱門！？重訓不到半年真的做得到嗎？,2026-04-08T13:00:15Z,post,PT1H1M47S,643740,1637,https://www.youtube.com/watch?v=7v9Gkdv-XVA,eric,eric,False,,,human,2026-05-02 17:50:27,,
dFgrvH2lXHY,隨機抽一種食物吃100小時！體脂還可以掉2%？！,2026-04-15T13:01:14Z,post,PT37M24S,405026,637,https://www.youtube.com/watch?v=dFgrvH2lXHY,ian,ian,False,existing_db_human,already_labeled,human,2026-05-02 17:50:27,,"Existing shared DB video_labels row: label=ian, labeler=human, labeled_at=2026-05-02 17:50:27."
dDMMc4695wY,到台灣高中第一志願教課！發現建中學生根本不唸書！？,2026-04-22T13:01:18Z,post,PT48M57S,725500,1398,https://www.youtube.com/watch?v=dDMMc4695wY,collab,collab,False,existing_db_human,already_labeled,human,2026-05-02 17:50:27,,"Existing shared DB video_labels row: label=collab, labeler=human, labeled_at=2026-05-02 17:50:27."
PZ0sLJjt_kY,巴西必做的人生清單！6500萬人一起嗨到凌晨五點！,2026-04-29T13:00:49Z,post,PT30M3S,366173,371,https://www.youtube.com/watch?v=PZ0sLJjt_kY,eric,eric,False,existing_db_human,already_labeled,human,2026-05-02 17:50:27,,"Existing shared DB video_labels row: label=eric, labeler=human, labeled_at=2026-05-02 17:50:27."
0dYYLxnQaJM,一日職業男排的地獄特訓！打到雙手瘀青！,2026-05-06T13:00:05Z,post,PT41M12S,311821,1031,https://www.youtube.com/watch?v=0dYYLxnQaJM,collab,collab,False,user_confirmed,confirmed_by_user,human_delta_confirmed,2026-06-03 16:48:18,2026-06 delta label confirmed by user in Codex chat.,User confirmed in chat on 2026-06-04. Earlier evidence: comment evidence strongly mentions Ian+Eric together and says the video is a combined/host-pair episode.
mITaFHhulzg,員工設計超狂宜蘭私藏行程！贏家直接拿走萬元獎金！？,2026-05-13T13:21:32Z,post,PT44M32S,647133,748,https://www.youtube.com/watch?v=mITaFHhulzg,other,other,False,user_confirmed,confirmed_by_user,human_delta_confirmed,2026-06-03 16:48:18,2026-06 delta label confirmed by user in Codex chat.,User confirmed in chat on 2026-06-04. Earlier evidence suggested this could be team/employee-led enough to consider other.
Q4CCBr_Q8Dc,【Just DoDo It】Official Music Video,2026-05-20T13:00:28Z,post,PT3M13S,279859,867,https://www.youtube.com/watch?v=Q4CCBr_Q8Dc,collab,collab,False,user_confirmed,confirmed_by_user,human_delta_confirmed,2026-06-03 16:48:18,2026-06 delta label confirmed by user in Codex chat.,User confirmed in chat on 2026-06-04. Earlier evidence: official music video for channel anniversary; comments and description refer to Ian and Eric together.
RUzLq2n6MOQ,砸百萬自己出新歌拍MV！製作半年終於誕生！,2026-05-20T13:00:37Z,post,PT1H2M3S,332063,266,https://www.youtube.com/watch?v=RUzLq2n6MOQ,collab,collab,False,user_confirmed,confirmed_by_user,human_delta_confirmed,2026-06-03 16:48:18,2026-06 delta label confirmed by user in Codex chat.,User confirmed in chat on 2026-06-04. Earlier evidence: behind-the-scenes for the MV with Ian and Eric producing/singing together.
VbwkmeHIkJs,美國領土卻不說英文的城市！？全世界最亮的藍眼淚在這！,2026-05-27T13:00:37Z,post,PT39M20S,567997,535,https://www.youtube.com/watch?v=VbwkmeHIkJs,eric,eric,False,user_confirmed,confirmed_by_user,human_delta_confirmed,2026-06-03 16:48:18,2026-06 delta label confirmed by user in Codex chat.,User confirmed in chat on 2026-06-04. Earlier evidence: comments explicitly call this an Eric solo travel video.
