candidate_id,channel_name,primary_category,secondary_category,rough_subscriber_band,channel_type,priority,resolved_title,handle,channel_id,channel_url,uploader_url,subscriber_count,verified,confidence,match_notes,search_query,search_rank,alternatives_json,notes
TW001,Onion Man,animation,comedy,borderline_1_4m_1_5m,creator,high,Onion Man,@onion_man,UCzxN4G3s9uR9ao5_O5DoXmA,https://www.youtube.com/channel/UCzxN4G3s9uR9ao5_O5DoXmA,https://www.youtube.com/@onion_man,1450000,true,high,exact normalized title match,Onion Man,1,"[{""rank"": 1, ""title"": ""Onion Man"", ""channel"": ""Onion Man"", ""channel_id"": ""UCzxN4G3s9uR9ao5_O5DoXmA"", ""channel_url"": ""https://www.youtube.com/channel/UCzxN4G3s9uR9ao5_O5DoXmA"", ""handle"": ""@onion_man"", ""uploader_url"": ""https://www.youtube.com/@onion_man"", ""subscriber_count"": 1450000, ""verified"": true, ""description"": ""每週日固定更新，有時不定時更新，不過我想休息就休息FACEBOOK:https://www.facebook.com/onionman4704/ ...""}, {""rank"": 2, ""title"": ""Onion Man 洋蔥與阿文 第二短廢片頻道"", ""channel"": ""Onion Man 洋蔥與阿文 第二短廢片頻道"", ""channel_id"": ""UCJWBmkMzZHHJIpGYgIGm7mw"", ""channel_url"": ""https://www.youtube.com/channel/UCJWBmkMzZHHJIpGYgIGm7mw"", ""handle"": ""@onionman9245"", ""uploader_url"": ""https://www.youtube.com/@onionman9245"", ""subscriber_count"": 587000, ""verified"": true, ""description"": ""每週日固定更新，有時不定時更新，不過我想休息就休息FACEBOOK:https://www.facebook.com/onionman4704/ ...""}, {""rank"": 3, ""title"": ""Onion Man"", ""channel"": ""Onion Man"", ""channel_id"": ""UCYdois4VKZQhjazdi4lCOOg"", ""channel_url"": ""https://www.youtube.com/channel/UCYdois4VKZQhjazdi4lCOOg"", ""handle"": ""@onionman7090"", ""uploader_url"": ""https://www.youtube.com/@onionman7090"", ""subscriber_count"": 1510, ""verified"": false, ""description"": ""I make funny video subscribe.""}]",Near the 1.5M threshold; good animation/comedy benchmark.
TW002,喪屍老爸,animation,comedy,borderline_1_4m_1_5m,creator,high,喪屍老爸,@walkerdad,UCFsNxYnUEs4tcqyddJhW43g,https://www.youtube.com/channel/UCFsNxYnUEs4tcqyddJhW43g,https://www.youtube.com/@walkerdad,1500000,true,high,exact normalized title match,喪屍老爸,1,"[{""rank"": 1, ""title"": ""喪屍老爸"", ""channel"": ""喪屍老爸"", ""channel_id"": ""UCFsNxYnUEs4tcqyddJhW43g"", ""channel_url"": ""https://www.youtube.com/channel/UCFsNxYnUEs4tcqyddJhW43g"", ""handle"": ""@walkerdad"", ""uploader_url"": ""https://www.youtube.com/@walkerdad"", ""subscriber_count"": 1500000, ""verified"": true, ""description"": ""have a nice day 我是喪屍老爸， 這個頻道記錄了我們的生活和我腦中的一些天馬行空的想法， 如果你因為我們的影片而會心一笑， ...""}, {""rank"": 2, ""title"": ""橙橙彤彤半獸人日常"", ""channel"": ""橙橙彤彤半獸人日常"", ""channel_id"": ""UCdPDEyPhRHhmStaADjVvwZw"", ""channel_url"": ""https://www.youtube.com/channel/UCdPDEyPhRHhmStaADjVvwZw"", ""handle"": ""@evadora"", ""uploader_url"": ""https://www.youtube.com/@evadora"", ""subscriber_count"": 91900, ""verified"": false, ""description"": ""這邊主要還是喪屍老爸在經營， 內容大部份都是隨手拍的日常， 也會做一些簡單的開箱， 不小心也會做一些有主題的影片， 像是橙 ...""}, {""rank"": 3, ""title"": ""偏爱喪屍老爸一家"", ""channel"": ""偏爱喪屍老爸一家"", ""channel_id"": ""UCVl90KF0fT9qCkA8sN5flpg"", ""channel_url"": ""https://www.youtube.com/channel/UCVl90KF0fT9qCkA8sN5flpg"", ""handle"": ""@dannylim4869"", ""uploader_url"": ""https://www.youtube.com/@dannylim4869"", ""subscriber_count"": 62, ""verified"": false, ""description"": ""我愛打篮球  和羽毛球  我的梦想  想去高雄見天兵和義哥我的抖音連接tiktok.com/@yongchen235.""}]",Near the 1.5M threshold; animation/commentary benchmark.
TW003,見習網美小吳,lifestyle,comedy_astrology,1_0m_1_5m,creator,high,見習網美小吳,@beautywu,UCAfcy122TZHqDQMMAwfbvBQ,https://www.youtube.com/channel/UCAfcy122TZHqDQMMAwfbvBQ,https://www.youtube.com/@beautywu,1360000,true,high,exact normalized title match,見習網美小吳,1,"[{""rank"": 1, ""title"": ""見習網美小吳"", ""channel"": ""見習網美小吳"", ""channel_id"": ""UCAfcy122TZHqDQMMAwfbvBQ"", ""channel_url"": ""https://www.youtube.com/channel/UCAfcy122TZHqDQMMAwfbvBQ"", ""handle"": ""@beautywu"", ""uploader_url"": ""https://www.youtube.com/@beautywu"", ""subscriber_count"": 1360000, ""verified"": true, ""description"": ""大家好我是小吳，謝謝你來這個頻道。 記得要訂閱開鈴鐺才能第一時間看最新影片喔！ ▴合作邀約: fongwuwu@gmail.com ...""}, {""rank"": 2, ""title"": ""小吳日常"", ""channel"": ""小吳日常"", ""channel_id"": ""UChMHKTYAL23jMsZWeOPd6rQ"", ""channel_url"": ""https://www.youtube.com/channel/UChMHKTYAL23jMsZWeOPd6rQ"", ""handle"": ""@小吳日常"", ""uploader_url"": ""https://www.youtube.com/@小吳日常"", ""subscriber_count"": 169000, ""verified"": false, ""description"": ""小吳日常頻道不定時更新最私底下的瘋子：）""}, {""rank"": 3, ""title"": ""見習博主小吳"", ""channel"": ""見習博主小吳"", ""channel_id"": ""UCd__gmVuRSMkar8yI2qfayw"", ""channel_url"": ""https://www.youtube.com/channel/UCd__gmVuRSMkar8yI2qfayw"", ""handle"": ""@見習博主小吳"", ""uploader_url"": ""https://www.youtube.com/@見習博主小吳"", ""subscriber_count"": 37, ""verified"": false, ""description"": ""網事聊天室是一個聊天講幹話的地方，針對現在目前的發燒話題進行剖析，挑戰一些自以為是名嘴，自以為觀念很TOP的人，針對 ...""}]",Lifestyle and personality-driven repeat-comment benchmark.
TW004,阿翰po影片,comedy,sketch,1_0m_1_5m,creator,high,阿翰po影片,@hanhanpovideo,UCEBaVKCwLP3UOdSq3LNNqmw,https://www.youtube.com/channel/UCEBaVKCwLP3UOdSq3LNNqmw,https://www.youtube.com/@hanhanpovideo,957000,true,high,exact normalized title match,阿翰po影片,1,"[{""rank"": 1, ""title"": ""阿翰po影片"", ""channel"": ""阿翰po影片"", ""channel_id"": ""UCEBaVKCwLP3UOdSq3LNNqmw"", ""channel_url"": ""https://www.youtube.com/channel/UCEBaVKCwLP3UOdSq3LNNqmw"", ""handle"": ""@hanhanpovideo"", ""uploader_url"": ""https://www.youtube.com/@hanhanpovideo"", ""subscriber_count"": 957000, ""verified"": true, ""description"": ""鎖定阿翰開始訂閱！➔ https://goo.gl/i9aAtg 阿翰Instagram帳號：hanhanpovideo 阿翰影片臉書粉絲團：https://goo.gl/1ZCE3a 阿翰 ...""}, {""rank"": 2, ""title"": ""阿翰PO影片"", ""channel"": ""阿翰PO影片"", ""channel_id"": ""UC7jKhhHJoSgCi_-sLIVKVgw"", ""channel_url"": ""https://www.youtube.com/channel/UC7jKhhHJoSgCi_-sLIVKVgw"", ""handle"": ""@PO-sm3ye"", ""uploader_url"": ""https://www.youtube.com/@PO-sm3ye"", ""subscriber_count"": 44, ""verified"": false, ""description"": ""我是阿翰我愛PO影片臉書粉專搜尋: https://www.facebook.com/hanhanpovideo/""}, {""rank"": 3, ""title"": ""ProducePandas"", ""channel"": ""ProducePandas"", ""channel_id"": ""UCmJ63wKzYaYMh3Pd65ZQJdg"", ""channel_url"": ""https://www.youtube.com/channel/UCmJ63wKzYaYMh3Pd65ZQJdg"", ""handle"": ""@producepandas7147"", ""uploader_url"": ""https://www.youtube.com/@producepandas7147"", ""subscriber_count"": 14, ""verified"": false, ""description"": """"}]",Strong creator-led sketch comedy benchmark.
TW005,反正我很閒,comedy,satire,1_0m_1_5m,creator,high,反正我很閒,@反正我很閒,UCzjNxGvrqfxL9KGkObbzrmg,https://www.youtube.com/channel/UCzjNxGvrqfxL9KGkObbzrmg,https://www.youtube.com/@反正我很閒,720000,false,high,exact normalized title match,反正我很閒,1,"[{""rank"": 1, ""title"": ""反正我很閒"", ""channel"": ""反正我很閒"", ""channel_id"": ""UCzjNxGvrqfxL9KGkObbzrmg"", ""channel_url"": ""https://www.youtube.com/channel/UCzjNxGvrqfxL9KGkObbzrmg"", ""handle"": ""@反正我很閒"", ""uploader_url"": ""https://www.youtube.com/@反正我很閒"", ""subscriber_count"": 720000, ""verified"": false, ""description"": """"}, {""rank"": 2, ""title"": ""反正我很閒"", ""channel"": ""反正我很閒"", ""channel_id"": ""UCXTpKSsiNwY4iYwR01Ox3-A"", ""channel_url"": ""https://www.youtube.com/channel/UCXTpKSsiNwY4iYwR01Ox3-A"", ""handle"": ""@反正我很閒-x6o"", ""uploader_url"": ""https://www.youtube.com/@反正我很閒-x6o"", ""subscriber_count"": null, ""verified"": false, ""description"": """"}, {""rank"": 3, ""title"": ""人類"", ""channel"": ""人類"", ""channel_id"": ""UCJe9dx2vvPCMWMJIUmZJ2Bw"", ""channel_url"": ""https://www.youtube.com/channel/UCJe9dx2vvPCMWMJIUmZJ2Bw"", ""handle"": ""@人類-o9p"", ""uploader_url"": ""https://www.youtube.com/@人類-o9p"", ""subscriber_count"": 14, ""verified"": false, ""description"": """"}]",Satirical group/creator channel.
TW006,哈哈台,street_interview,comedy,1_0m_1_5m,creator_studio,high,HahaTai 哈哈台,@Hahatai,UC9g4w3QvOCTM_3ok6WlH43Q,https://www.youtube.com/channel/UC9g4w3QvOCTM_3ok6WlH43Q,https://www.youtube.com/@Hahatai,1090000,true,high,partial normalized title match,哈哈台,1,"[{""rank"": 1, ""title"": ""HahaTai 哈哈台"", ""channel"": ""HahaTai 哈哈台"", ""channel_id"": ""UC9g4w3QvOCTM_3ok6WlH43Q"", ""channel_url"": ""https://www.youtube.com/channel/UC9g4w3QvOCTM_3ok6WlH43Q"", ""handle"": ""@Hahatai"", ""uploader_url"": ""https://www.youtube.com/@Hahatai"", ""subscriber_count"": 1090000, ""verified"": true, ""description"": ""「HahaTai 哈哈台」是個影音創作團隊，拍各種有趣的節目！大概每週四19:30在YouTube上片，隔週二在副頻道「哈哈日記」 ...""}, {""rank"": 2, ""title"": ""哈哈日記"", ""channel"": ""哈哈日記"", ""channel_id"": ""UCCTfaUoz4kXmjDWaWD8IUxQ"", ""channel_url"": ""https://www.youtube.com/channel/UCCTfaUoz4kXmjDWaWD8IUxQ"", ""handle"": ""@HahaTaiDiary"", ""uploader_url"": ""https://www.youtube.com/@HahaTaiDiary"", ""subscriber_count"": 16000, ""verified"": false, ""description"": ""歡迎來到哈哈台的副頻道，這裡會放我們Podcast「哈哈日記」的影像版，還有一些我們成員的Vlog、活動花絮、各種廢片！大概每 ...""}, {""rank"": 3, ""title"": ""笑哈哈LOL"", ""channel"": ""笑哈哈LOL"", ""channel_id"": ""UCl42iEuQpjTWzzheHM5SOgg"", ""channel_url"": ""https://www.youtube.com/channel/UCl42iEuQpjTWzzheHM5SOgg"", ""handle"": ""@LOLsunnyanderic"", ""uploader_url"": ""https://www.youtube.com/@LOLsunnyanderic"", ""subscriber_count"": 453000, ""verified"": false, ""description"": ""最好笑的音樂團體！ 有東西要寄給我們的話寄到這裡⬇️⬇️⬇️ 台北市信義區東興路69號9F 笑哈哈收.""}]",Street interview and social satire format.
TW007,上班不要看 NSFW,entertainment,variety,1_0m_1_5m,creator_studio,high,上班不要看 NSFW,@nsfwstudio,UCj_z-Zeqk8LfwVxx0MUdL-Q,https://www.youtube.com/channel/UCj_z-Zeqk8LfwVxx0MUdL-Q,https://www.youtube.com/@nsfwstudio,869000,true,high,exact normalized title match,上班不要看 NSFW,1,"[{""rank"": 1, ""title"": ""上班不要看 NSFW"", ""channel"": ""上班不要看 NSFW"", ""channel_id"": ""UCj_z-Zeqk8LfwVxx0MUdL-Q"", ""channel_url"": ""https://www.youtube.com/channel/UCj_z-Zeqk8LfwVxx0MUdL-Q"", ""handle"": ""@nsfwstudio"", ""uploader_url"": ""https://www.youtube.com/@nsfwstudio"", ""subscriber_count"": 869000, ""verified"": true, ""description"": ""那是一個特別寒冷的冬天，呱吉和小火車在下雪的台北成立了一個只有兩人的工作室。 慢慢地，越來越多快樂小夥伴的加入.""}, {""rank"": 2, ""title"": ""上班可以看"", ""channel"": ""上班可以看"", ""channel_id"": ""UCpArTduWNWoY4HE0tE1E_iw"", ""channel_url"": ""https://www.youtube.com/channel/UCpArTduWNWoY4HE0tE1E_iw"", ""handle"": ""@lifeofnsfw"", ""uploader_url"": ""https://www.youtube.com/@lifeofnsfw"", ""subscriber_count"": 175000, ""verified"": true, ""description"": ""上班不要看的日常生活廢片、拍攝幕後花絮。 NSFW Studio's life video and behind the scenes.""}, {""rank"": 3, ""title"": ""湯瑪士大叔"", ""channel"": ""湯瑪士大叔"", ""channel_id"": ""UCOg4kAbzFWzSkK10HfRNNlA"", ""channel_url"": ""https://www.youtube.com/channel/UCOg4kAbzFWzSkK10HfRNNlA"", ""handle"": ""@thomas1017"", ""uploader_url"": ""https://www.youtube.com/@thomas1017"", ""subscriber_count"": 108000, ""verified"": false, ""description"": ""一個喜歡吃跟旅遊還有亂買酷東西的大叔湯瑪斯頻道.""}]",Studio variety and creator-collab benchmark.
TW008,滴妹,lifestyle,business,1_0m_1_5m,creator,medium,滴妹,@crowndu,UCGpNjY0Xq2GJLXh4OOX1LOA,https://www.youtube.com/channel/UCGpNjY0Xq2GJLXh4OOX1LOA,https://www.youtube.com/@crowndu,1430000,true,high,exact normalized title match,滴妹,1,"[{""rank"": 1, ""title"": ""滴妹"", ""channel"": ""滴妹"", ""channel_id"": ""UCGpNjY0Xq2GJLXh4OOX1LOA"", ""channel_url"": ""https://www.youtube.com/channel/UCGpNjY0Xq2GJLXh4OOX1LOA"", ""handle"": ""@crowndu"", ""uploader_url"": ""https://www.youtube.com/@crowndu"", ""subscriber_count"": 1430000, ""verified"": true, ""description"": ""哈樓我是滴妹！歡迎來到我的頻道～""}, {""rank"": 2, ""title"": ""阿滴"", ""channel"": ""阿滴"", ""channel_id"": ""UCeo3JwE3HezUWFdVcehQk9Q"", ""channel_url"": ""https://www.youtube.com/channel/UCeo3JwE3HezUWFdVcehQk9Q"", ""handle"": ""@rayduenglish"", ""uploader_url"": ""https://www.youtube.com/@rayduenglish"", ""subscriber_count"": 2900000, ""verified"": true, ""description"": ""學語言、闖世界！加入會員收聽Podcast，每隔週五更新。""}, {""rank"": 3, ""title"": ""Ru儒妹"", ""channel"": ""Ru儒妹"", ""channel_id"": ""UCVKkc9xShCcDQu7l2ItNXkw"", ""channel_url"": ""https://www.youtube.com/channel/UCVKkc9xShCcDQu7l2ItNXkw"", ""handle"": ""@Rumei-0205"", ""uploader_url"": ""https://www.youtube.com/@Rumei-0205"", ""subscriber_count"": 315000, ""verified"": true, ""description"": ""Thank you for your support✨🤍\nIf you like it, you can [Like + Subscribe + Share]🫶🏻\nSince the filming started on September 15 ...""}]","Personality, lifestyle, and brand-founder content."
TW009,愛莉莎莎 Alisasa,lifestyle,relationship,1_0m_1_5m,creator,medium,愛莉莎莎 Alisasa,@alisasa_official,UCAKJ0tmI_RMXqTgxL_OMfIg,https://www.youtube.com/channel/UCAKJ0tmI_RMXqTgxL_OMfIg,https://www.youtube.com/@alisasa_official,1260000,true,high,exact normalized title match,愛莉莎莎 Alisasa,1,"[{""rank"": 1, ""title"": ""愛莉莎莎 Alisasa"", ""channel"": ""愛莉莎莎 Alisasa"", ""channel_id"": ""UCAKJ0tmI_RMXqTgxL_OMfIg"", ""channel_url"": ""https://www.youtube.com/channel/UCAKJ0tmI_RMXqTgxL_OMfIg"", ""handle"": ""@alisasa_official"", ""uploader_url"": ""https://www.youtube.com/@alisasa_official"", ""subscriber_count"": 1260000, ""verified"": true, ""description"": ""大家好，我是愛莉莎莎Alisasa！ 台灣人在韓國留學八個月已經在2018 一月回到台灣當全職Youtuber囉！ 但是我還是每個月會去韓國 ...""}, {""rank"": 2, ""title"": ""Alisa愛生活"", ""channel"": ""Alisa愛生活"", ""channel_id"": ""UCKbkd1XxJA4qp5x7xBKWRzw"", ""channel_url"": ""https://www.youtube.com/channel/UCKbkd1XxJA4qp5x7xBKWRzw"", ""handle"": ""@alisalovelife502"", ""uploader_url"": ""https://www.youtube.com/@alisalovelife502"", ""subscriber_count"": 167000, ""verified"": true, ""description"": ""湖南辣妹在台灣，有一個超可愛女鵝Thena 和老公Hydra用影片紀錄生活中的美好點滴，也和大家分享有趣好玩的旅遊、生活、 ...""}, {""rank"": 3, ""title"": ""月夜"", ""channel"": ""月夜"", ""channel_id"": ""UCr27Jw2nF5Sf0i3F0DMP5Ag"", ""channel_url"": ""https://www.youtube.com/channel/UCr27Jw2nF5Sf0i3F0DMP5Ag"", ""handle"": ""@月夜-r6h"", ""uploader_url"": ""https://www.youtube.com/@月夜-r6h"", ""subscriber_count"": 40, ""verified"": false, ""description"": """"}]",Lifestyle/opinion content with high comment interaction potential.
TW010,菜喳,gaming,variety,1_0m_1_5m,creator,medium,菜喳x遊戲x第2頻道,@ZyNXyZLiVe,UCm6K3TIQ_Mo5CJ-A-NZHLow,https://www.youtube.com/channel/UCm6K3TIQ_Mo5CJ-A-NZHLow,https://www.youtube.com/@ZyNXyZLiVe,245000,false,medium,partial normalized title match,菜喳,2,"[{""rank"": 1, ""title"": ""Zyn"", ""channel"": ""Zyn"", ""channel_id"": ""UCSckEwXBJmJEUzIo6NplQ5g"", ""channel_url"": ""https://www.youtube.com/channel/UCSckEwXBJmJEUzIo6NplQ5g"", ""handle"": ""@菜喳Zyn"", ""uploader_url"": ""https://www.youtube.com/@菜喳Zyn"", ""subscriber_count"": 1140000, ""verified"": true, ""description"": ""Hello, my name is Zyn.\nI'm a Taiwanese youtuber, gamer, creator.\nHope you enjoy the videos and have many laugh with them.\nDon ...""}, {""rank"": 2, ""title"": ""菜喳x遊戲x第2頻道"", ""channel"": ""菜喳x遊戲x第2頻道"", ""channel_id"": ""UCm6K3TIQ_Mo5CJ-A-NZHLow"", ""channel_url"": ""https://www.youtube.com/channel/UCm6K3TIQ_Mo5CJ-A-NZHLow"", ""handle"": ""@ZyNXyZLiVe"", ""uploader_url"": ""https://www.youtube.com/@ZyNXyZLiVe"", ""subscriber_count"": 245000, ""verified"": false, ""description"": ""這是專門放完整實況影片的頻道 by菜喳 後製影片都在→http://goo.gl/Ky7Sor.""}, {""rank"": 3, ""title"": ""菜喳Life生活紀錄"", ""channel"": ""菜喳Life生活紀錄"", ""channel_id"": ""UCryWh9GhZCQUJe8xrzwxwpw"", ""channel_url"": ""https://www.youtube.com/channel/UCryWh9GhZCQUJe8xrzwxwpw"", ""handle"": ""@ZyNXyZsLiFe"", ""uploader_url"": ""https://www.youtube.com/@ZyNXyZsLiFe"", ""subscriber_count"": 142000, ""verified"": false, ""description"": """"}]",Gaming and entertainment benchmark.
TW011,魚乾,gaming,lifestyle,1_0m_1_5m,creator,medium,魚乾,@annie72127,UCpgt8SEyAy5tbr9BzVK8Lsg,https://www.youtube.com/channel/UCpgt8SEyAy5tbr9BzVK8Lsg,https://www.youtube.com/@annie72127,1320000,true,high,exact normalized title match,魚乾,1,"[{""rank"": 1, ""title"": ""魚乾"", ""channel"": ""魚乾"", ""channel_id"": ""UCpgt8SEyAy5tbr9BzVK8Lsg"", ""channel_url"": ""https://www.youtube.com/channel/UCpgt8SEyAy5tbr9BzVK8Lsg"", ""handle"": ""@annie72127"", ""uploader_url"": ""https://www.youtube.com/@annie72127"", ""subscriber_count"": 1320000, ""verified"": true, ""description"": ""大家好，我是魚乾！ 喜歡紀錄生活與四隻貓咪！ 你看到的就是我最樂於分享的日常❤️ 若是喜歡我的影片， 請不吝按下訂閱唷!""}, {""rank"": 2, ""title"": ""魚乾FishMan"", ""channel"": ""魚乾FishMan"", ""channel_id"": ""UCR2Y19Id-lXelvMZUdXhaWA"", ""channel_url"": ""https://www.youtube.com/channel/UCR2Y19Id-lXelvMZUdXhaWA"", ""handle"": ""@YgFishMan"", ""uploader_url"": ""https://www.youtube.com/@YgFishMan"", ""subscriber_count"": 24600, ""verified"": false, ""description"": ""保證品質出片真是太慢了…""}, {""rank"": 3, ""title"": ""魚乾說故事 Ikan Bilis"", ""channel"": ""魚乾說故事 Ikan Bilis"", ""channel_id"": ""UC9CDuAIvK4iKWbWNQ0NGNEQ"", ""channel_url"": ""https://www.youtube.com/channel/UC9CDuAIvK4iKWbWNQ0NGNEQ"", ""handle"": ""@ikanbilisssss"", ""uploader_url"": ""https://www.youtube.com/@ikanbilisssss"", ""subscriber_count"": 62300, ""verified"": false, ""description"": ""未解之謎| 娛樂| 故事| 知識| 案件| 奇聞異事| 都市傳說喜歡奇奇怪怪的有趣故事各種未解之謎訂閱我講睡前故事給你聽~ IG ...""}]",Gaming-to-lifestyle creator benchmark.
TW012,安啾咪,acg,lifestyle,1_0m_1_5m,creator,medium,安啾咪,@anjouclever103,UCjhwHd3mgmqm0ONm0bXKmng,https://www.youtube.com/channel/UCjhwHd3mgmqm0ONm0bXKmng,https://www.youtube.com/@anjouclever103,1330000,true,high,exact normalized title match,安啾咪,1,"[{""rank"": 1, ""title"": ""安啾咪"", ""channel"": ""安啾咪"", ""channel_id"": ""UCjhwHd3mgmqm0ONm0bXKmng"", ""channel_url"": ""https://www.youtube.com/channel/UCjhwHd3mgmqm0ONm0bXKmng"", ""handle"": ""@anjouclever103"", ""uploader_url"": ""https://www.youtube.com/@anjouclever103"", ""subscriber_count"": 1330000, ""verified"": true, ""description"": ""我是安啾Anjou，不時分享可愛的DIY教學、生活日記、開箱影片。""}, {""rank"": 2, ""title"": ""安啾安啾"", ""channel"": ""安啾安啾"", ""channel_id"": ""UCXw7Nc8ICn_JZgmDjywyk4A"", ""channel_url"": ""https://www.youtube.com/channel/UCXw7Nc8ICn_JZgmDjywyk4A"", ""handle"": ""@angel29_426"", ""uploader_url"": ""https://www.youtube.com/@angel29_426"", ""subscriber_count"": 3520, ""verified"": false, ""description"": ""歡迎大家按讚訂閱分享我的頻道～""}, {""rank"": 3, ""title"": ""安啾咪"", ""channel"": ""安啾咪"", ""channel_id"": ""UCbA18zRb6vLPkiVbRgzmEuA"", ""channel_url"": ""https://www.youtube.com/channel/UCbA18zRb6vLPkiVbRgzmEuA"", ""handle"": ""@安啾咪-e1k"", ""uploader_url"": ""https://www.youtube.com/@安啾咪-e1k"", ""subscriber_count"": 16, ""verified"": false, ""description"": """"}]",ACG/lifestyle creator benchmark.
TW013,老皮,gaming,lets_play,500k_1_0m,creator,medium,老皮（Opchannel）,@tolocat,UC6yxPVu2b52UVJQEwCTzivQ,https://www.youtube.com/channel/UC6yxPVu2b52UVJQEwCTzivQ,https://www.youtube.com/@tolocat,1030000,false,medium,partial normalized title match,老皮,2,"[{""rank"": 1, ""title"": ""皮皮幫你（老皮的直播頻道）"", ""channel"": ""皮皮幫你（老皮的直播頻道）"", ""channel_id"": ""UCwdLMfWu4X1QpbQJAEGJ1ig"", ""channel_url"": ""https://www.youtube.com/channel/UCwdLMfWu4X1QpbQJAEGJ1ig"", ""handle"": ""@OPChannel520"", ""uploader_url"": ""https://www.youtube.com/@OPChannel520"", ""subscriber_count"": 494000, ""verified"": false, ""description"": """"}, {""rank"": 2, ""title"": ""老皮（Opchannel）"", ""channel"": ""老皮（Opchannel）"", ""channel_id"": ""UC6yxPVu2b52UVJQEwCTzivQ"", ""channel_url"": ""https://www.youtube.com/channel/UC6yxPVu2b52UVJQEwCTzivQ"", ""handle"": ""@tolocat"", ""uploader_url"": ""https://www.youtube.com/@tolocat"", ""subscriber_count"": 1030000, ""verified"": false, ""description"": ""哈嚕各位觀眾朋友大家好！我是實況主 老皮 YA~YO~。 本頻道以遊戲實況與快樂夥伴間的互動為主！ 如果您想要更了解快樂夥伴的 ...""}, {""rank"": 3, ""title"": ""Amazing LP神奇的老皮"", ""channel"": ""Amazing LP神奇的老皮"", ""channel_id"": ""UC-SFD3eQpNoQ-WjTbZFGqiA"", ""channel_url"": ""https://www.youtube.com/channel/UC-SFD3eQpNoQ-WjTbZFGqiA"", ""handle"": ""@AmazingLP"", ""uploader_url"": ""https://www.youtube.com/@AmazingLP"", ""subscriber_count"": 476000, ""verified"": false, ""description"": ""I'm from China, and I want to thank you all for your love and support. Although my views and subscriber count on YouTube are still ...""}]",Gaming benchmark; verify recent activity before crawling.
TW014,放火 Louis,entertainment,lifestyle,1_0m_1_5m,creator,low,放火 Louis,@louislee0602,UCuLKTkYGCXako3wMktwrbkQ,https://www.youtube.com/channel/UCuLKTkYGCXako3wMktwrbkQ,https://www.youtube.com/@louislee0602,1320000,true,high,exact normalized title match,放火 Louis,1,"[{""rank"": 1, ""title"": ""放火 Louis"", ""channel"": ""放火 Louis"", ""channel_id"": ""UCuLKTkYGCXako3wMktwrbkQ"", ""channel_url"": ""https://www.youtube.com/channel/UCuLKTkYGCXako3wMktwrbkQ"", ""handle"": ""@louislee0602"", ""uploader_url"": ""https://www.youtube.com/@louislee0602"", ""subscriber_count"": 1320000, ""verified"": true, ""description"": ""我正在為未來的我創作一段精彩的自我介紹。 商業合作＆活動接洽請email致：fanghuo0602@gmail.com.""}, {""rank"": 2, ""title"": ""火火放"", ""channel"": ""火火放"", ""channel_id"": ""UC8-QNXp5xAmd4v7_KJW-Hig"", ""channel_url"": ""https://www.youtube.com/channel/UC8-QNXp5xAmd4v7_KJW-Hig"", ""handle"": ""@fanghuo"", ""uploader_url"": ""https://www.youtube.com/@fanghuo"", ""subscriber_count"": 838000, ""verified"": true, ""description"": ""hi 早安這是我的遊戲頻道.""}, {""rank"": 3, ""title"": ""放火的實況片段"", ""channel"": ""放火的實況片段"", ""channel_id"": ""UClAbmPcS7jG_3Fnr46TLO2g"", ""channel_url"": ""https://www.youtube.com/channel/UClAbmPcS7jG_3Fnr46TLO2g"", ""handle"": ""@放火的實況片段"", ""uploader_url"": ""https://www.youtube.com/@放火的實況片段"", ""subscriber_count"": 92000, ""verified"": false, ""description"": ""專剪放火直播精華2022/01/01官方授權不是放火本人聯絡信箱：fanghuo0602@gmail.com.""}]",Large legacy creator; verify activity and channel health.
TW015,sandy mandy,lifestyle,beauty,1_0m_1_5m,creator,medium,sandy mandy,@sandymandy_official,UChX5JaALoA1o80Cc5zkQz_Q,https://www.youtube.com/channel/UChX5JaALoA1o80Cc5zkQz_Q,https://www.youtube.com/@sandymandy_official,1300000,true,high,exact normalized title match,sandy mandy,1,"[{""rank"": 1, ""title"": ""sandy mandy"", ""channel"": ""sandy mandy"", ""channel_id"": ""UChX5JaALoA1o80Cc5zkQz_Q"", ""channel_url"": ""https://www.youtube.com/channel/UChX5JaALoA1o80Cc5zkQz_Q"", ""handle"": ""@sandymandy_official"", ""uploader_url"": ""https://www.youtube.com/@sandymandy_official"", ""subscriber_count"": 1300000, ""verified"": true, ""description"": ""sandymandystudio@gmail.com IG: sandymandy_official.""}, {""rank"": 2, ""title"": ""sandy mandy的手作教室"", ""channel"": ""sandy mandy的手作教室"", ""channel_id"": ""UCScb6YZ6QAqdg0kXTRKuiVw"", ""channel_url"": ""https://www.youtube.com/channel/UCScb6YZ6QAqdg0kXTRKuiVw"", ""handle"": ""@sandymandy6228"", ""uploader_url"": ""https://www.youtube.com/@sandymandy6228"", ""subscriber_count"": 1, ""verified"": false, ""description"": """"}, {""rank"": 3, ""title"": ""sandy mandy"", ""channel"": ""sandy mandy"", ""channel_id"": ""UCwhQxRw7ASftM32Y3jn9f0A"", ""channel_url"": ""https://www.youtube.com/channel/UCwhQxRw7ASftM32Y3jn9f0A"", ""handle"": ""@SandyMandy048"", ""uploader_url"": ""https://www.youtube.com/@SandyMandy048"", ""subscriber_count"": 92600, ""verified"": false, ""description"": """"}]",Female lifestyle/beauty benchmark.
TW016,This is Catie,lifestyle,beauty,500k_1_0m,creator,medium,Hello Catie,@HelloCatie,UCxls4ftUSbEcrDR1zQWIwfA,https://www.youtube.com/channel/UCxls4ftUSbEcrDR1zQWIwfA,https://www.youtube.com/@HelloCatie,1050000,false,low,top channel result does not clearly match candidate name,Hello Catie,1,"[{""rank"": 1, ""title"": ""Hello Catie"", ""channel"": ""Hello Catie"", ""channel_id"": ""UCxls4ftUSbEcrDR1zQWIwfA"", ""channel_url"": ""https://www.youtube.com/channel/UCxls4ftUSbEcrDR1zQWIwfA"", ""handle"": ""@HelloCatie"", ""uploader_url"": ""https://www.youtube.com/@HelloCatie"", ""subscriber_count"": 1050000, ""verified"": false, ""description"": ""更多即時內容instagram   https://instagram.com/hellocatie45/ facebook   https://www.facebook.com/hellocatie45 -- 商業合作洽談: ...""}, {""rank"": 2, ""title"": ""Hello! Catie Life"", ""channel"": ""Hello! Catie Life"", ""channel_id"": ""UC6uUZQDdYxrkf5voCKtTWhA"", ""channel_url"": ""https://www.youtube.com/channel/UC6uUZQDdYxrkf5voCKtTWhA"", ""handle"": ""@hellocatielife"", ""uploader_url"": ""https://www.youtube.com/@hellocatielife"", ""subscriber_count"": 155000, ""verified"": false, ""description"": ""Hello! 我是Catie✌️ 這是我的生活頻道紀錄著日常，美食，旅遊，親子歡迎大家來玩.""}, {""rank"": 3, ""title"": ""Knit With Catie"", ""channel"": ""Knit With Catie"", ""channel_id"": ""UC_ElEJwWtDQpgN1Mxa_2kRw"", ""channel_url"": ""https://www.youtube.com/channel/UC_ElEJwWtDQpgN1Mxa_2kRw"", ""handle"": ""@KnitWithCatie"", ""uploader_url"": ""https://www.youtube.com/@KnitWithCatie"", ""subscriber_count"": 10700, ""verified"": false, ""description"": """"}]",Beauty/lifestyle creator benchmark.
TW017,劉芒,lifestyle,beauty_relationship,500k_1_0m,creator,medium,劉芒,@lioumonn,UC_mKbvc7YSASXkO2fIvz_pQ,https://www.youtube.com/channel/UC_mKbvc7YSASXkO2fIvz_pQ,https://www.youtube.com/@lioumonn,617000,true,high,exact normalized title match,劉芒,1,"[{""rank"": 1, ""title"": ""劉芒"", ""channel"": ""劉芒"", ""channel_id"": ""UC_mKbvc7YSASXkO2fIvz_pQ"", ""channel_url"": ""https://www.youtube.com/channel/UC_mKbvc7YSASXkO2fIvz_pQ"", ""handle"": ""@lioumonn"", ""uploader_url"": ""https://www.youtube.com/@lioumonn"", ""subscriber_count"": 617000, ""verified"": true, ""description"": ""訂閱劉芒，萬丈光芒！ 合作邀約請洽E-mail ⁯talent@wazaiii.com.""}, {""rank"": 2, ""title"": ""劉芒電子LIVE"", ""channel"": ""劉芒電子LIVE"", ""channel_id"": ""UCDNpdPEW03egA0uz5zNdbkQ"", ""channel_url"": ""https://www.youtube.com/channel/UCDNpdPEW03egA0uz5zNdbkQ"", ""handle"": ""@liu888-劉芒"", ""uploader_url"": ""https://www.youtube.com/@liu888-劉芒"", ""subscriber_count"": 216, ""verified"": false, ""description"": ""林北幫大家測試各種破解電子機台的打法想當條賭狗也得當條賭的贏的狗!!! ➤分享打電子這兩年專研出來的技巧挑台的眉眉角角   ...""}, {""rank"": 3, ""title"": ""劉芒超級忙【精華台】"", ""channel"": ""劉芒超級忙【精華台】"", ""channel_id"": ""UCbUZTOZfbTEahl2R7z-vVvw"", ""channel_url"": ""https://www.youtube.com/channel/UCbUZTOZfbTEahl2R7z-vVvw"", ""handle"": ""@liuuu888"", ""uploader_url"": ""https://www.youtube.com/@liuuu888"", ""subscriber_count"": 775, ""verified"": false, ""description"": ""一對一救紅▫️通話私帶▫️10年澳門賭場百家經驗▫️5年會員上岸百位獲利突破9位數- 急診專線LINE:@liu888.""}]",Beauty and relationship commentary benchmark.
TW018,黃小米Mii,lifestyle,beauty,200k_500k,creator,medium,黃小米Mii,@miihuang711,UCjZCm3uuhkCvTYE9txucVcw,https://www.youtube.com/channel/UCjZCm3uuhkCvTYE9txucVcw,https://www.youtube.com/@miihuang711,633000,true,high,exact normalized title match,黃小米Mii,1,"[{""rank"": 1, ""title"": ""黃小米Mii"", ""channel"": ""黃小米Mii"", ""channel_id"": ""UCjZCm3uuhkCvTYE9txucVcw"", ""channel_url"": ""https://www.youtube.com/channel/UCjZCm3uuhkCvTYE9txucVcw"", ""handle"": ""@miihuang711"", ""uploader_url"": ""https://www.youtube.com/@miihuang711"", ""subscriber_count"": 633000, ""verified"": true, ""description"": ""Hello 我是黃小米Mii 這裡是我的個人影音頻道喜歡美妝、穿搭、美食、旅遊，關於變美的一切都不會放過每週日晚上9點上片，記得 ...""}, {""rank"": 2, ""title"": ""Jeffry Julieta"", ""channel"": ""Jeffry Julieta"", ""channel_id"": ""UCU8roetAN9t6c2GdbKt31IQ"", ""channel_url"": ""https://www.youtube.com/channel/UCU8roetAN9t6c2GdbKt31IQ"", ""handle"": ""@jeffryjulieta1527"", ""uploader_url"": ""https://www.youtube.com/@jeffryjulieta1527"", ""subscriber_count"": 4, ""verified"": false, ""description"": """"}]",Mid-size lifestyle/beauty benchmark.
TW019,古娃娃WawaKu,food,lifestyle,1_0m_1_5m,creator,high,古娃娃WawaKu,@WawaKu,UCVw4CvsOUuVJpFyW_VPnIBQ,https://www.youtube.com/channel/UCVw4CvsOUuVJpFyW_VPnIBQ,https://www.youtube.com/@WawaKu,882000,true,high,exact normalized title match,古娃娃WawaKu,1,"[{""rank"": 1, ""title"": ""古娃娃WawaKu"", ""channel"": ""古娃娃WawaKu"", ""channel_id"": ""UCVw4CvsOUuVJpFyW_VPnIBQ"", ""channel_url"": ""https://www.youtube.com/channel/UCVw4CvsOUuVJpFyW_VPnIBQ"", ""handle"": ""@WawaKu"", ""uploader_url"": ""https://www.youtube.com/@WawaKu"", ""subscriber_count"": 882000, ""verified"": true, ""description"": ""停更中﹏可以來IG找我 便利商店女神 aka 味蕾達人   什麼都買來吃吃看！給你最誠實的美食開箱！ WA!COOKIES ...""}, {""rank"": 2, ""title"": ""王鼠寶"", ""channel"": ""王鼠寶"", ""channel_id"": ""UCpAOcyJTtx7NQXcUtvObg_w"", ""channel_url"": ""https://www.youtube.com/channel/UCpAOcyJTtx7NQXcUtvObg_w"", ""handle"": ""@王鼠寶"", ""uploader_url"": ""https://www.youtube.com/@王鼠寶"", ""subscriber_count"": null, ""verified"": false, ""description"": """"}, {""rank"": 3, ""title"": ""edi gathegi"", ""channel"": ""edi gathegi"", ""channel_id"": ""UCEdzo3fXgOi3mxsCVGMVyNQ"", ""channel_url"": ""https://www.youtube.com/channel/UCEdzo3fXgOi3mxsCVGMVyNQ"", ""handle"": ""@edigathegi501"", ""uploader_url"": ""https://www.youtube.com/@edigathegi501"", ""subscriber_count"": 46, ""verified"": false, ""description"": """"}]",Food/lifestyle creator benchmark.
TW020,詹姆士姆士流官方專屬頻道,food,cooking,1_0m_1_5m,creator,high,詹姆士官方專屬頻道,@chef_james_tw,UC4_Ds33FmwzcTDL3G2pbs7g,https://www.youtube.com/channel/UC4_Ds33FmwzcTDL3G2pbs7g,https://www.youtube.com/@chef_james_tw,1510000,true,low,top channel result does not clearly match candidate name,詹姆士姆士流官方專屬頻道,1,"[{""rank"": 1, ""title"": ""詹姆士官方專屬頻道"", ""channel"": ""詹姆士官方專屬頻道"", ""channel_id"": ""UC4_Ds33FmwzcTDL3G2pbs7g"", ""channel_url"": ""https://www.youtube.com/channel/UC4_Ds33FmwzcTDL3G2pbs7g"", ""handle"": ""@chef_james_tw"", ""uploader_url"": ""https://www.youtube.com/@chef_james_tw"", ""subscriber_count"": 1510000, ""verified"": true, ""description"": ""你好，我是詹姆士是一個愛做菜、旅遊、開箱的貪吃鬼「這輩子什麼都放得下，就是放不下筷子！」 如果你對美食、旅遊也有以上的 ...""}, {""rank"": 2, ""title"": ""詹姆士出走料理 八大電視"", ""channel"": ""詹姆士出走料理 八大電視"", ""channel_id"": ""UCMsKrwoEoBacxXDznFEMOAw"", ""channel_url"": ""https://www.youtube.com/channel/UCMsKrwoEoBacxXDznFEMOAw"", ""handle"": ""@GTVJAMESGOINGPLACES"", ""uploader_url"": ""https://www.youtube.com/@GTVJAMESGOINGPLACES"", ""subscriber_count"": 168000, ""verified"": false, ""description"": ""《詹姆士出走料理》以尋找詹姆士私廚菜單為節目主軸，為了尋找記憶中的美味料理，詹姆士將帶領大家探索市場，品嘗在地美味、 ...""}, {""rank"": 3, ""title"": ""Crazy Captain James"", ""channel"": ""Crazy Captain James"", ""channel_id"": ""UCU-n80n8tdBD60kRha82i6Q"", ""channel_url"": ""https://www.youtube.com/channel/UCU-n80n8tdBD60kRha82i6Q"", ""handle"": ""@crazyjames787"", ""uploader_url"": ""https://www.youtube.com/@crazyjames787"", ""subscriber_count"": 608000, ""verified"": false, ""description"": ""I’m Captain James, a former airline pilot who spent 27 years flying around the world. I once took six years to finish high ...""}]",Instructional cooking benchmark.
TW021,阿慶師,food,cooking,1_0m_1_5m,creator,high,阿慶師,@achingchef,UC-SP7S0UGHLs_Miu4_0ccNg,https://www.youtube.com/channel/UC-SP7S0UGHLs_Miu4_0ccNg,https://www.youtube.com/@achingchef,920000,true,high,exact normalized title match,阿慶師,1,"[{""rank"": 1, ""title"": ""阿慶師"", ""channel"": ""阿慶師"", ""channel_id"": ""UC-SP7S0UGHLs_Miu4_0ccNg"", ""channel_url"": ""https://www.youtube.com/channel/UC-SP7S0UGHLs_Miu4_0ccNg"", ""handle"": ""@achingchef"", ""uploader_url"": ""https://www.youtube.com/@achingchef"", ""subscriber_count"": 920000, ""verified"": true, ""description"": ""看國宴主廚阿慶師，讓你在家也能變大師！ 擁有20多年廚藝經驗且精通台閩粵菜的阿慶師， 將致力於把『餐廳級手路菜帶入一般 ...""}, {""rank"": 2, ""title"": ""阿慶師"", ""channel"": ""阿慶師"", ""channel_id"": ""UCs8K-fbbSUk_ktOU1vcGt1Q"", ""channel_url"": ""https://www.youtube.com/channel/UCs8K-fbbSUk_ktOU1vcGt1Q"", ""handle"": ""@阿慶師-v9h"", ""uploader_url"": ""https://www.youtube.com/@阿慶師-v9h"", ""subscriber_count"": null, ""verified"": false, ""description"": ""在生活中總有許多不如意，各種負面情緒層層堆疊，導致身體脈絡不順。達摩手法除了能讓你舒筋活骨，更是你身心靈的導師，學會 ...""}, {""rank"": 3, ""title"": ""【阿慶代衝】"", ""channel"": ""【阿慶代衝】"", ""channel_id"": ""UCaUQKVmb7Pafx8f3GWouaNQ"", ""channel_url"": ""https://www.youtube.com/channel/UCaUQKVmb7Pafx8f3GWouaNQ"", ""handle"": ""@ZMARL"", ""uploader_url"": ""https://www.youtube.com/@ZMARL"", ""subscriber_count"": 556, ""verified"": false, ""description"": ""你的裝備，是你榮耀的象徵。 別冒險亂衝，讓真正懂精煉的阿慶來守護你的夢想！ 本服務特色： ✓ 專業衝裝｜多年經驗＋頂尖 ...""}]",Cooking tutorial benchmark.
TW022,夢幻廚房在我家,food,cooking,500k_1_0m,creator,medium,Dream Chef Home,@dreamchefhome,UCUz5OVO4aYhfur0R-TCaBtg,https://www.youtube.com/channel/UCUz5OVO4aYhfur0R-TCaBtg,https://www.youtube.com/@dreamchefhome,1090000,false,low,top channel result does not clearly match candidate name,夢幻廚房在我家,1,"[{""rank"": 1, ""title"": ""Dream Chef Home"", ""channel"": ""Dream Chef Home"", ""channel_id"": ""UCUz5OVO4aYhfur0R-TCaBtg"", ""channel_url"": ""https://www.youtube.com/channel/UCUz5OVO4aYhfur0R-TCaBtg"", ""handle"": ""@dreamchefhome"", ""uploader_url"": ""https://www.youtube.com/@dreamchefhome"", ""subscriber_count"": 1090000, ""verified"": false, ""description"": ""Welcome to Dream Chef Home 💛\nThis is more than a cooking channel — it’s a journey of finding peace, balance, and love through ...""}, {""rank"": 2, ""title"": ""女人我最大Hsing juichen"", ""channel"": ""女人我最大Hsing juichen"", ""channel_id"": ""UColS0W42PLLP4AFAea0rNkw"", ""channel_url"": ""https://www.youtube.com/channel/UColS0W42PLLP4AFAea0rNkw"", ""handle"": ""@hsingjuichen2582"", ""uploader_url"": ""https://www.youtube.com/@hsingjuichen2582"", ""subscriber_count"": 1, ""verified"": false, ""description"": """"}, {""rank"": 3, ""title"": ""早知道就把我家搞成這樣 "", ""channel"": ""早知道就把我家搞成這樣 "", ""channel_id"": ""UCG6NRGxpxHWrksZnfTzmM9A"", ""channel_url"": ""https://www.youtube.com/channel/UCG6NRGxpxHWrksZnfTzmM9A"", ""handle"": ""@knowsngoods"", ""uploader_url"": ""https://www.youtube.com/@knowsngoods"", ""subscriber_count"": 412, ""verified"": false, ""description"": ""一群非專業的人，喜歡蒐集討論有味道的家私，期待小小的一個物件可以改變整個氣氛。 發現喜歡的家具或單品，擺在喜歡的角落。""}]",Home-cooking benchmark.
TW023,柴米夫妻,food,family_lifestyle,500k_1_0m,creator,medium,柴米夫妻,@柴米夫妻-f9w,UC5mZjSA7N_wWobHPYxfDx1Q,https://www.youtube.com/channel/UC5mZjSA7N_wWobHPYxfDx1Q,https://www.youtube.com/@柴米夫妻-f9w,22,false,high,exact normalized title match,柴米夫妻,1,"[{""rank"": 1, ""title"": ""柴米夫妻"", ""channel"": ""柴米夫妻"", ""channel_id"": ""UC5mZjSA7N_wWobHPYxfDx1Q"", ""channel_url"": ""https://www.youtube.com/channel/UC5mZjSA7N_wWobHPYxfDx1Q"", ""handle"": ""@柴米夫妻-f9w"", ""uploader_url"": ""https://www.youtube.com/@柴米夫妻-f9w"", ""subscriber_count"": 22, ""verified"": false, ""description"": """"}, {""rank"": 2, ""title"": ""知雅說"", ""channel"": ""知雅說"", ""channel_id"": ""UC9vjE1W22WYI8XTtmbFgLuQ"", ""channel_url"": ""https://www.youtube.com/channel/UC9vjE1W22WYI8XTtmbFgLuQ"", ""handle"": ""@知雅說"", ""uploader_url"": ""https://www.youtube.com/@知雅說"", ""subscriber_count"": null, ""verified"": false, ""description"": """"}, {""rank"": 3, ""title"": ""李yuri"", ""channel"": ""李yuri"", ""channel_id"": ""UCL9aUUrUNiYKcl7E0y-9Dug"", ""channel_url"": ""https://www.youtube.com/channel/UCL9aUUrUNiYKcl7E0y-9Dug"", ""handle"": ""@yurili9572"", ""uploader_url"": ""https://www.youtube.com/@yurili9572"", ""subscriber_count"": 36, ""verified"": false, ""description"": """"}]",Food plus family/lifestyle benchmark.
TW024,欸你這週要幹嘛,travel,lifestyle,1_0m_1_5m,creator_group,high,欸你這週要幹嘛,@happyariel,UCFycVZXj9fRWB_OZfFKe2PA,https://www.youtube.com/channel/UCFycVZXj9fRWB_OZfFKe2PA,https://www.youtube.com/@happyariel,1110000,true,high,exact normalized title match,欸你這週要幹嘛,1,"[{""rank"": 1, ""title"": ""欸你這週要幹嘛"", ""channel"": ""欸你這週要幹嘛"", ""channel_id"": ""UCFycVZXj9fRWB_OZfFKe2PA"", ""channel_url"": ""https://www.youtube.com/channel/UCFycVZXj9fRWB_OZfFKe2PA"", ""handle"": ""@happyariel"", ""uploader_url"": ""https://www.youtube.com/@happyariel"", ""subscriber_count"": 1110000, ""verified"": true, ""description"": ""我是Ariel。 每到禮拜五就會收到(或者問人) ：「欸你這週要幹嘛」 得了一種假日不出門就會躁鬱致死的病！ (求在家日落到天黑的 ...""}, {""rank"": 2, ""title"": ""欸你這週五要幹嘛"", ""channel"": ""欸你這週五要幹嘛"", ""channel_id"": ""UCYnzVmevr6wUqT7gX7e22aQ"", ""channel_url"": ""https://www.youtube.com/channel/UCYnzVmevr6wUqT7gX7e22aQ"", ""handle"": ""@areyoufreeonfridaynight"", ""uploader_url"": ""https://www.youtube.com/@areyoufreeonfridaynight"", ""subscriber_count"": 7, ""verified"": false, ""description"": ""欸你這週五要幹嘛？想放鬆一下嗎？歡迎加入我們！ #台南真理堂社青團契.""}, {""rank"": 3, ""title"": ""崇崇Daniel"", ""channel"": ""崇崇Daniel"", ""channel_id"": ""UCzM-fC-LH9laJybiAbXWg0A"", ""channel_url"": ""https://www.youtube.com/channel/UCzM-fC-LH9laJybiAbXWg0A"", ""handle"": ""@daniel.cwlee94"", ""uploader_url"": ""https://www.youtube.com/@daniel.cwlee94"", ""subscriber_count"": 96900, ""verified"": false, ""description"": ""曬娃曬老婆ㄟ曬郎更多日常在IG E-mail: daniel.cwlee94@gmail.com.""}]",Travel/lifestyle group benchmark.
TW025,金魚腦,travel,lifestyle,500k_1_0m,creator,medium,金魚腦Goldfish Brain,@goldfishbrain,UCTT5gtQU5rX8sUQnZaBqiVw,https://www.youtube.com/channel/UCTT5gtQU5rX8sUQnZaBqiVw,https://www.youtube.com/@goldfishbrain,907000,true,high,partial normalized title match,金魚腦,1,"[{""rank"": 1, ""title"": ""金魚腦Goldfish Brain"", ""channel"": ""金魚腦Goldfish Brain"", ""channel_id"": ""UCTT5gtQU5rX8sUQnZaBqiVw"", ""channel_url"": ""https://www.youtube.com/channel/UCTT5gtQU5rX8sUQnZaBqiVw"", ""handle"": ""@goldfishbrain"", ""uploader_url"": ""https://www.youtube.com/@goldfishbrain"", ""subscriber_count"": 907000, ""verified"": true, ""description"": ""我是愛拍片、愛畫畫，還喜歡唱歌的金魚腦！ 在這裡你可以看到我想跟你們分享的人事物！ 金魚腦 ...""}, {""rank"": 2, ""title"": ""金魚腦女孩 Goldfish Girls"", ""channel"": ""金魚腦女孩 Goldfish Girls"", ""channel_id"": ""UCaCBAmEQXNdJdah6073ms6g"", ""channel_url"": ""https://www.youtube.com/channel/UCaCBAmEQXNdJdah6073ms6g"", ""handle"": ""@goldfishgirls5010"", ""uploader_url"": ""https://www.youtube.com/@goldfishgirls5010"", ""subscriber_count"": 12, ""verified"": false, ""description"": """"}, {""rank"": 3, ""title"": ""金鱼脑_ChloeChu"", ""channel"": ""金鱼脑_ChloeChu"", ""channel_id"": ""UCIb2jlLdz4qLBvNjYLgvrtQ"", ""channel_url"": ""https://www.youtube.com/channel/UCIb2jlLdz4qLBvNjYLgvrtQ"", ""handle"": ""@_chloechu9444"", ""uploader_url"": ""https://www.youtube.com/@_chloechu9444"", ""subscriber_count"": 287, ""verified"": false, ""description"": """"}]",Travel creator benchmark.
TW026,吳鳳 Rifat,travel,culture,500k_1_0m,creator,medium,吳鳳Rifat,@Rifat,UCpf0vbBSBbWO7sKRvOxVnpg,https://www.youtube.com/channel/UCpf0vbBSBbWO7sKRvOxVnpg,https://www.youtube.com/@Rifat,379000,true,high,exact normalized title match,吳鳳 Rifat,1,"[{""rank"": 1, ""title"": ""吳鳳Rifat"", ""channel"": ""吳鳳Rifat"", ""channel_id"": ""UCpf0vbBSBbWO7sKRvOxVnpg"", ""channel_url"": ""https://www.youtube.com/channel/UCpf0vbBSBbWO7sKRvOxVnpg"", ""handle"": ""@Rifat"", ""uploader_url"": ""https://www.youtube.com/@Rifat"", ""subscriber_count"": 379000, ""verified"": true, ""description"": ""大家好我是吳鳳，我想要透過我的頻道讓更多人認識台灣，再加上我很喜歡分享生活的點點滴滴包含娛樂國內外旅行外國朋友的故事 ...""}, {""rank"": 2, ""title"": ""R&R的鳳花雪月【吳鳳Rifat生活頻道】"", ""channel"": ""R&R的鳳花雪月【吳鳳Rifat生活頻道】"", ""channel_id"": ""UC8Gx1QpPB0eSsheUfdUAYCQ"", ""channel_url"": ""https://www.youtube.com/channel/UC8Gx1QpPB0eSsheUfdUAYCQ"", ""handle"": ""@rrhometaiwan"", ""uploader_url"": ""https://www.youtube.com/@rrhometaiwan"", ""subscriber_count"": 32000, ""verified"": false, ""description"": ""大家好我是吳鳳太太Rynne。我會將更多的家庭，旅遊，親子和娛樂影片移到這個頻道。老公的【吳鳳Rifat頻】道持續更新分享更多 ...""}, {""rank"": 3, ""title"": ""Acer 譯秒聽"", ""channel"": ""Acer 譯秒聽"", ""channel_id"": ""UCFZAebq-iUDmXvfc6t7UeZg"", ""channel_url"": ""https://www.youtube.com/channel/UCFZAebq-iUDmXvfc6t7UeZg"", ""handle"": ""@AcerAITransBuds"", ""uploader_url"": ""https://www.youtube.com/@AcerAITransBuds"", ""subscriber_count"": 114, ""verified"": false, ""description"": ""打開耳朵，打通世界生意｜Acer 譯秒聽・商務口譯耳機在跨國競爭分秒必爭的時代，「語言」不該成為交易卡關的最後一哩。""}]",Cross-cultural Taiwan/travel benchmark.
TW027,Blaire Chen,travel,lifestyle,500k_1_0m,creator,medium,Blaire Chen,@blairechen_,UCwwDx8gVlTKYkWnjlz-TBhQ,https://www.youtube.com/channel/UCwwDx8gVlTKYkWnjlz-TBhQ,https://www.youtube.com/@blairechen_,605000,true,high,exact normalized title match,Blaire Chen,1,"[{""rank"": 1, ""title"": ""Blaire Chen"", ""channel"": ""Blaire Chen"", ""channel_id"": ""UCwwDx8gVlTKYkWnjlz-TBhQ"", ""channel_url"": ""https://www.youtube.com/channel/UCwwDx8gVlTKYkWnjlz-TBhQ"", ""handle"": ""@blairechen_"", ""uploader_url"": ""https://www.youtube.com/@blairechen_"", ""subscriber_count"": 605000, ""verified"": true, ""description"": ""自我提升｜人物專訪｜專題企劃 相關社群 IG ⇢Blairechen (https://reurl.cc/j7Q1g1) 喜歡更多日常影片+旅遊影片 不要忘了訂閱這個新 ...""}, {""rank"": 2, ""title"": ""Be Blaire"", ""channel"": ""Be Blaire"", ""channel_id"": ""UCWZX8jdVtnfHyrJDazxg6qg"", ""channel_url"": ""https://www.youtube.com/channel/UCWZX8jdVtnfHyrJDazxg6qg"", ""handle"": ""@beblaire"", ""uploader_url"": ""https://www.youtube.com/@beblaire"", ""subscriber_count"": 89200, ""verified"": false, ""description"": ""Blaire's life.""}, {""rank"": 3, ""title"": ""Blaire Chen 大暖 - Topic"", ""channel"": ""Blaire Chen 大暖 - Topic"", ""channel_id"": ""UC5LF0Dm3KkRCuwLBWvqx1uQ"", ""channel_url"": ""https://www.youtube.com/channel/UC5LF0Dm3KkRCuwLBWvqx1uQ"", ""handle"": """", ""uploader_url"": """", ""subscriber_count"": 1, ""verified"": false, ""description"": """"}]",Travel/lifestyle benchmark; verify channel naming.
TW028,小象愛出門,travel,outdoor,200k_500k,creator,medium,小象愛出門Elephant GoGo,@elephantgogo,UCa7c1phjUa5UMWS68Ybgrdg,https://www.youtube.com/channel/UCa7c1phjUa5UMWS68Ybgrdg,https://www.youtube.com/@elephantgogo,584000,true,high,partial normalized title match,小象愛出門,1,"[{""rank"": 1, ""title"": ""小象愛出門Elephant GoGo"", ""channel"": ""小象愛出門Elephant GoGo"", ""channel_id"": ""UCa7c1phjUa5UMWS68Ybgrdg"", ""channel_url"": ""https://www.youtube.com/channel/UCa7c1phjUa5UMWS68Ybgrdg"", ""handle"": ""@elephantgogo"", ""uploader_url"": ""https://www.youtube.com/@elephantgogo"", ""subscriber_count"": 584000, ""verified"": true, ""description"": ""當過五年外語領隊/ PPL機師在開飛機✈️ / 出一本書『叛逆而後生』 喜歡把旅行的過程記錄下來，旅行這條路給我很多考驗，但不解 ...""}, {""rank"": 2, ""title"": ""小銘愛出門"", ""channel"": ""小銘愛出門"", ""channel_id"": ""UCjgqfAaULXSrPMg8FOTxMuw"", ""channel_url"": ""https://www.youtube.com/channel/UCjgqfAaULXSrPMg8FOTxMuw"", ""handle"": ""@小銘愛出門"", ""uploader_url"": ""https://www.youtube.com/@小銘愛出門"", ""subscriber_count"": 177, ""verified"": false, ""description"": ""「目前已無在更新此頻道」」 期待未來有機會繼續前進也感謝過去的支持但隨時會推廣一些旅遊美食等影片，歡迎支持與訂閱成為本 ...""}, {""rank"": 3, ""title"": ""小鄭"", ""channel"": ""小鄭"", ""channel_id"": ""UCn2WdaugAANMkiXfUcCNdtA"", ""channel_url"": ""https://www.youtube.com/channel/UCn2WdaugAANMkiXfUcCNdtA"", ""handle"": ""@realxiaozheng"", ""uploader_url"": ""https://www.youtube.com/@realxiaozheng"", ""subscriber_count"": 371000, ""verified"": false, ""description"": ""嗨，我是小鄭！ 一起用輕鬆的方式探索各種有趣的故事和話題吧！ —————————————————— 我只有這個Youtube頻道 ...""}]",Outdoor/travel mid-size benchmark.
TW029,Taiwan Bar,education,history_civics,1_0m_1_5m,creator_studio,high,Taiwan Bar,@TaiwanBar,UCRNsHFT7BFoAPBcuAa5sgEQ,https://www.youtube.com/channel/UCRNsHFT7BFoAPBcuAa5sgEQ,https://www.youtube.com/@TaiwanBar,1250000,true,high,exact normalized title match,Taiwan Bar,1,"[{""rank"": 1, ""title"": ""Taiwan Bar"", ""channel"": ""Taiwan Bar"", ""channel_id"": ""UCRNsHFT7BFoAPBcuAa5sgEQ"", ""channel_url"": ""https://www.youtube.com/channel/UCRNsHFT7BFoAPBcuAa5sgEQ"", ""handle"": ""@TaiwanBar"", ""uploader_url"": ""https://www.youtube.com/@TaiwanBar"", ""subscriber_count"": 1250000, ""verified"": true, ""description"": ""歡迎光臨臺灣吧！ 臺灣吧是一間致力於知識普及的內容公司，擅長處理複雜資訊。 除了影片外，我們還經營角色， 出品各式書籍、 ...""}, {""rank"": 2, ""title"": ""Taiwanese Mandarin With Miss Lin"", ""channel"": ""Taiwanese Mandarin With Miss Lin"", ""channel_id"": ""UCXYZ2Xk6JsJccQFwDsTkgyQ"", ""channel_url"": ""https://www.youtube.com/channel/UCXYZ2Xk6JsJccQFwDsTkgyQ"", ""handle"": ""@MandarinWithMissLin"", ""uploader_url"": ""https://www.youtube.com/@MandarinWithMissLin"", ""subscriber_count"": 56000, ""verified"": false, ""description"": ""Hi students! My channel provides free Chinese lessons that help you learn the real Taiwanese Mandarin and discover Taiwanese ...""}, {""rank"": 3, ""title"": ""Taiwan Bar Citizen Club"", ""channel"": ""Taiwan Bar Citizen Club"", ""channel_id"": ""UCivpT824AwoUEFZ06tTzasQ"", ""channel_url"": ""https://www.youtube.com/channel/UCivpT824AwoUEFZ06tTzasQ"", ""handle"": ""@TaiwanBarCitizenClub"", ""uploader_url"": ""https://www.youtube.com/@TaiwanBarCitizenClub"", ""subscriber_count"": 12, ""verified"": false, ""description"": ""Founded in November 2024, the Taiwan Bar Citizen Club is a community organization spontaneously formed by Taiwanese players ...""}]",Education/history benchmark.
TW030,理科太太,education,science_lifestyle,1_0m_1_5m,creator,high,理科太太 Li Ke Tai Tai,@liketaitai,UCHfY_EOzB1i57hYLSw_rYMg,https://www.youtube.com/channel/UCHfY_EOzB1i57hYLSw_rYMg,https://www.youtube.com/@liketaitai,1120000,false,medium,partial normalized title match,理科太太,1,"[{""rank"": 1, ""title"": ""理科太太 Li Ke Tai Tai"", ""channel"": ""理科太太 Li Ke Tai Tai"", ""channel_id"": ""UCHfY_EOzB1i57hYLSw_rYMg"", ""channel_url"": ""https://www.youtube.com/channel/UCHfY_EOzB1i57hYLSw_rYMg"", ""handle"": ""@liketaitai"", ""uploader_url"": ""https://www.youtube.com/@liketaitai"", ""subscriber_count"": 1120000, ""verified"": false, ""description"": ""Hi there, my name is Evelyn, I'm a biomedical engineer by training. I live in the Bay Area, aka the silicon valley. Being a mom has ...""}, {""rank"": 2, ""title"": ""理科 Plus"", ""channel"": ""理科 Plus"", ""channel_id"": ""UCXHWdSkXPv1MTvyDavhp67A"", ""channel_url"": ""https://www.youtube.com/channel/UCXHWdSkXPv1MTvyDavhp67A"", ""handle"": ""@liketaitaiplus"", ""uploader_url"": ""https://www.youtube.com/@liketaitaiplus"", ""subscriber_count"": 285000, ""verified"": false, ""description"": ""Hi，我是Evelyn，一個醫學工程工程師。當媽媽後，對於人生的看法有極大的轉變，我希望在這邊紀錄生活，分享一些想法跟生活的 ...""}, {""rank"": 3, ""title"": ""人生五分熟 Life Medium Rare"", ""channel"": ""人生五分熟 Life Medium Rare"", ""channel_id"": ""UCPBwE6BZF9mioV9tY9HLulQ"", ""channel_url"": ""https://www.youtube.com/channel/UCPBwE6BZF9mioV9tY9HLulQ"", ""handle"": ""@Lifemediumrare"", ""uploader_url"": ""https://www.youtube.com/@Lifemediumrare"", ""subscriber_count"": 45200, ""verified"": false, ""description"": ""每週一晚上19:00，把五分熟的人生，好好聊熟一點。 如果能早一點知道，但現在也還不算太晚。 理科太太與關穎 40+50 女性，我們 ...""}]",Knowledge/personality benchmark.
TW031,PanSci 泛科學,education,science,500k_1_0m,media,medium,PanSci ,@PanScitw,UCuHHKbwC0TWjeqxbqdO-N_g,https://www.youtube.com/channel/UCuHHKbwC0TWjeqxbqdO-N_g,https://www.youtube.com/@PanScitw,1180000,true,high,partial normalized title match,PanSci 泛科學,1,"[{""rank"": 1, ""title"": ""PanSci "", ""channel"": ""PanSci "", ""channel_id"": ""UCuHHKbwC0TWjeqxbqdO-N_g"", ""channel_url"": ""https://www.youtube.com/channel/UCuHHKbwC0TWjeqxbqdO-N_g"", ""handle"": ""@PanScitw"", ""uploader_url"": ""https://www.youtube.com/@PanScitw"", ""subscriber_count"": 1180000, ""verified"": true, ""description"": ""PanSci channel explores the facts and stories of scientific news and discoveries. Be curious about everything!""}, {""rank"": 2, ""title"": ""Thought Lab with Guowei"", ""channel"": ""Thought Lab with Guowei"", ""channel_id"": ""UCOXeXCmNvxPrX-EvGzUPOFA"", ""channel_url"": ""https://www.youtube.com/channel/UCOXeXCmNvxPrX-EvGzUPOFA"", ""handle"": ""@kuowei_pansci"", ""uploader_url"": ""https://www.youtube.com/@kuowei_pansci"", ""subscriber_count"": 100000, ""verified"": false, ""description"": ""Welcome to \""Thought Lab,\"" an in-depth podcast hosted by Guowei from the acclaimed PanSci network. We dive deep into the forces ...""}, {""rank"": 3, ""title"": ""泛科學院"", ""channel"": ""泛科學院"", ""channel_id"": ""UCATnB3v_NkTTd9iD_4W2A-g"", ""channel_url"": ""https://www.youtube.com/channel/UCATnB3v_NkTTd9iD_4W2A-g"", ""handle"": ""@panscischool"", ""uploader_url"": ""https://www.youtube.com/@panscischool"", ""subscriber_count"": 257000, ""verified"": false, ""description"": ""「陪伴」一直是我們想傳達給你的感覺。在AI海嘯來臨時，我們陪你一起成長與探索AI功能的頻道，用最簡單的方式提升你的工作 ...""}]",Science media benchmark.
TW032,報導者 The Reporter,journalism,public_affairs,500k_1_0m,media,medium,報導者 The Reporter,@TwreporterOrg,UCbWm0FTcQgRyc--ZsAzGcRA,https://www.youtube.com/channel/UCbWm0FTcQgRyc--ZsAzGcRA,https://www.youtube.com/@TwreporterOrg,157000,false,high,exact normalized title match,報導者 The Reporter,1,"[{""rank"": 1, ""title"": ""報導者 The Reporter"", ""channel"": ""報導者 The Reporter"", ""channel_id"": ""UCbWm0FTcQgRyc--ZsAzGcRA"", ""channel_url"": ""https://www.youtube.com/channel/UCbWm0FTcQgRyc--ZsAzGcRA"", ""handle"": ""@TwreporterOrg"", ""uploader_url"": ""https://www.youtube.com/@TwreporterOrg"", ""subscriber_count"": 157000, ""verified"": false, ""description"": ""《報導者》是台灣第一個由公益基金會成立的網路媒體，營運經費皆來自民眾贊助，這股由下而上的力量，除了支持我們投入深度 ...""}, {""rank"": 2, ""title"": ""報導者 Podcast"", ""channel"": ""報導者 Podcast"", ""channel_id"": ""UCBwGnwXnwgb8tfxwyVFpYWQ"", ""channel_url"": ""https://www.youtube.com/channel/UCBwGnwXnwgb8tfxwyVFpYWQ"", ""handle"": ""@twreporter_podcast"", ""uploader_url"": ""https://www.youtube.com/@twreporter_podcast"", ""subscriber_count"": 15100, ""verified"": false, ""description"": ""「The Real Story」Podcast 節目由台灣獨立媒體《報導者》製播，帶你走進採訪現場、聽記者們發現的第一手故事。 除了有訪談、 ...""}, {""rank"": 3, ""title"": ""報導者 The Reporter"", ""channel"": ""報導者 The Reporter"", ""channel_id"": ""UCaX4G8K3E7t5rY9EOUlyFSg"", ""channel_url"": ""https://www.youtube.com/channel/UCaX4G8K3E7t5rY9EOUlyFSg"", ""handle"": ""@thereporter8963"", ""uploader_url"": ""https://www.youtube.com/@thereporter8963"", ""subscriber_count"": 25, ""verified"": false, ""description"": """"}]",Investigative journalism benchmark.
TW033,百靈果News,podcast,news_commentary,500k_1_0m,creator_group,medium,Bailingguo News,@bailingguo,UCD2KoUc0f4Bv2Bz0mbOah8g,https://www.youtube.com/channel/UCD2KoUc0f4Bv2Bz0mbOah8g,https://www.youtube.com/@bailingguo,1010000,true,low,top channel result does not clearly match candidate name,百靈果News,1,"[{""rank"": 1, ""title"": ""Bailingguo News"", ""channel"": ""Bailingguo News"", ""channel_id"": ""UCD2KoUc0f4Bv2Bz0mbOah8g"", ""channel_url"": ""https://www.youtube.com/channel/UCD2KoUc0f4Bv2Bz0mbOah8g"", ""handle"": ""@bailingguo"", ""uploader_url"": ""https://www.youtube.com/@bailingguo"", ""subscriber_count"": 1010000, ""verified"": true, ""description"": ""Welcome to Bailingguo News\n\nWe talk about international news from Taiwanese perspectives. We joke, we laugh and we make fun of ...""}, {""rank"": 2, ""title"": ""給約嗎? Blind Dating Show"", ""channel"": ""給約嗎? Blind Dating Show"", ""channel_id"": ""UCxjtwkZ1e3Dlwzak5DQWjgA"", ""channel_url"": ""https://www.youtube.com/channel/UCxjtwkZ1e3Dlwzak5DQWjgA"", ""handle"": ""@blind.dating.show給約嗎"", ""uploader_url"": ""https://www.youtube.com/@blind.dating.show給約嗎"", ""subscriber_count"": 25000, ""verified"": false, ""description"": ""《給約嗎》全亞洲最真實的矇眼約會節目   愛情的火花能否跨越外表的阻隔，還是注定只是一場鬧劇？邀請你一同見證真愛的可能性 ...""}, {""rank"": 3, ""title"": ""百靈果短片集"", ""channel"": ""百靈果短片集"", ""channel_id"": ""UCx0lAt32dwM1Rn7BrvTzx-w"", ""channel_url"": ""https://www.youtube.com/channel/UCx0lAt32dwM1Rn7BrvTzx-w"", ""handle"": ""@bailingguoclips"", ""uploader_url"": ""https://www.youtube.com/@bailingguoclips"", ""subscriber_count"": 66300, ""verified"": false, ""description"": ""這裡是百靈果KK Show的精選片段區麻煩大家多多訂閱＋分享，怕主頻道之後被下架哈哈完整版請到：https://www.youtube.com/c/ ...""}]",Podcast/news commentary benchmark.
TW034,敏迪選讀,news,international_affairs,200k_500k,creator,medium,敏迪選讀,@mindiworldnews,UCH6GnFl2Lk2sxDGdV7GuJzA,https://www.youtube.com/channel/UCH6GnFl2Lk2sxDGdV7GuJzA,https://www.youtube.com/@mindiworldnews,125000,false,high,exact normalized title match,敏迪選讀,1,"[{""rank"": 1, ""title"": ""敏迪選讀"", ""channel"": ""敏迪選讀"", ""channel_id"": ""UCH6GnFl2Lk2sxDGdV7GuJzA"", ""channel_url"": ""https://www.youtube.com/channel/UCH6GnFl2Lk2sxDGdV7GuJzA"", ""handle"": ""@mindiworldnews"", ""uploader_url"": ""https://www.youtube.com/@mindiworldnews"", ""subscriber_count"": 125000, ""verified"": false, ""description"": ""這裡是敏迪的頻道，有很主觀的國際新聞分析，也有很客觀的可愛貓咪，更有主客觀並陳的其他有的沒的影片。總之就是個雜食性的 ...""}, {""rank"": 2, ""title"": ""敏迪沒有新聞"", ""channel"": ""敏迪沒有新聞"", ""channel_id"": ""UCVkPWmQx7ec38bRSlDTMUlg"", ""channel_url"": ""https://www.youtube.com/channel/UCVkPWmQx7ec38bRSlDTMUlg"", ""handle"": ""@mindinonews"", ""uploader_url"": ""https://www.youtube.com/@mindinonews"", ""subscriber_count"": 5160, ""verified"": false, ""description"": ""這裏放了一些很水的我的日常就看副頻道會不會超過主頻道.""}, {""rank"": 3, ""title"": ""詩敏 XiMing"", ""channel"": ""詩敏 XiMing"", ""channel_id"": ""UCxF2yn1jVIJOMgZdtRVAXAw"", ""channel_url"": ""https://www.youtube.com/channel/UCxF2yn1jVIJOMgZdtRVAXAw"", ""handle"": ""@XiMiNGG"", ""uploader_url"": ""https://www.youtube.com/@XiMiNGG"", ""subscriber_count"": 408000, ""verified"": true, ""description"": ""哈嘍.""}]",International news explainer benchmark.
TW035,法客電台,law,public_affairs,200k_500k,creator_group,medium,法律白話文運動 Plain Law Movement,@plainlaw_me,UCXd6dUdTQchAg2P0QRh_42Q,https://www.youtube.com/channel/UCXd6dUdTQchAg2P0QRh_42Q,https://www.youtube.com/@plainlaw_me,59900,false,low,top channel result does not clearly match candidate name,法客電台,1,"[{""rank"": 1, ""title"": ""法律白話文運動 Plain Law Movement"", ""channel"": ""法律白話文運動 Plain Law Movement"", ""channel_id"": ""UCXd6dUdTQchAg2P0QRh_42Q"", ""channel_url"": ""https://www.youtube.com/channel/UCXd6dUdTQchAg2P0QRh_42Q"", ""handle"": ""@plainlaw_me"", ""uploader_url"": ""https://www.youtube.com/@plainlaw_me"", ""subscriber_count"": 59900, ""verified"": false, ""description"": ""我們是法律白話文運動/""}, {""rank"": 2, ""title"": ""法白開講"", ""channel"": ""法白開講"", ""channel_id"": ""UCsqq1iiFrgElIOMdhUqIzbQ"", ""channel_url"": ""https://www.youtube.com/channel/UCsqq1iiFrgElIOMdhUqIzbQ"", ""handle"": ""@plainlaw_taigi"", ""uploader_url"": ""https://www.youtube.com/@plainlaw_taigi"", ""subscriber_count"": 692, ""verified"": false, ""description"": ""台南妹仔教你講台語X 法律白話文運動合作新企畫生活中的大事小事煩惱事，我們用台語聊給你聽！""}, {""rank"": 3, ""title"": ""羅曼迪克 Roman"", ""channel"": ""羅曼迪克 Roman"", ""channel_id"": ""UCqiOAEnB-yL8C8CnyNH0D8Q"", ""channel_url"": ""https://www.youtube.com/channel/UCqiOAEnB-yL8C8CnyNH0D8Q"", ""handle"": ""@Roman-me8ig"", ""uploader_url"": ""https://www.youtube.com/@Roman-me8ig"", ""subscriber_count"": 2900, ""verified"": false, ""description"": ""DJ 藝名寓意著如“羅馬”似地日益更壯大, 經歷各式商演且多次受邀至台灣知名夜店及音樂節演出, 同時也是莫宰羊、王水源御用演出DJ ...""}]",Law/current-affairs benchmark.
TW036,股癌 Gooaye,finance,podcast,500k_1_0m,creator,medium,Gooaye 股癌,@Gooaye,UC23rnlQU_qE3cec9x709peA,https://www.youtube.com/channel/UC23rnlQU_qE3cec9x709peA,https://www.youtube.com/@Gooaye,147000,false,low,top channel result does not clearly match candidate name,股癌 Gooaye,1,"[{""rank"": 1, ""title"": ""Gooaye 股癌"", ""channel"": ""Gooaye 股癌"", ""channel_id"": ""UC23rnlQU_qE3cec9x709peA"", ""channel_url"": ""https://www.youtube.com/channel/UC23rnlQU_qE3cec9x709peA"", ""handle"": ""@Gooaye"", ""uploader_url"": ""https://www.youtube.com/@Gooaye"", ""subscriber_count"": 147000, ""verified"": false, ""description"": """"}, {""rank"": 2, ""title"": ""露西歐Lucio"", ""channel"": ""露西歐Lucio"", ""channel_id"": ""UCCkVi_uWtm5lcm3FrRTHQaQ"", ""channel_url"": ""https://www.youtube.com/channel/UCCkVi_uWtm5lcm3FrRTHQaQ"", ""handle"": ""@Lucioio"", ""uploader_url"": ""https://www.youtube.com/@Lucioio"", ""subscriber_count"": 63, ""verified"": false, ""description"": """"}, {""rank"": 3, ""title"": ""美股趋势投资 老谢"", ""channel"": ""美股趋势投资 老谢"", ""channel_id"": ""UCuid08CPqZZ1RbfGZbSUYzg"", ""channel_url"": ""https://www.youtube.com/channel/UCuid08CPqZZ1RbfGZbSUYzg"", ""handle"": ""@老谢美股趋势投资"", ""uploader_url"": ""https://www.youtube.com/@老谢美股趋势投资"", ""subscriber_count"": 2280, ""verified"": false, ""description"": ""免责声明：本频道提供的所有资料和信息，仅供参考，并不构成任何专业性意见，也不构成频道就某具体问题为某人提供咨询服务的 ...""}]",Finance/podcast benchmark.
TW037,柴鼠兄弟,finance,personal_finance,500k_1_0m,creator_group,medium,柴鼠 兄弟,@柴鼠兄弟-j6t,UCyxMycm7iDsnSRAZfSThkKg,https://www.youtube.com/channel/UCyxMycm7iDsnSRAZfSThkKg,https://www.youtube.com/@柴鼠兄弟-j6t,14,false,high,exact normalized title match,柴鼠兄弟,2,"[{""rank"": 1, ""title"": ""柴鼠兄弟 ZRBros"", ""channel"": ""柴鼠兄弟 ZRBros"", ""channel_id"": ""UC45i13dEfEVac2IEJT_Nr5Q"", ""channel_url"": ""https://www.youtube.com/channel/UC45i13dEfEVac2IEJT_Nr5Q"", ""handle"": ""@ZRBro"", ""uploader_url"": ""https://www.youtube.com/@ZRBro"", ""subscriber_count"": 1150000, ""verified"": true, ""description"": ""斜槓型YouTuber－柴鼠兄弟，除了是影片創作者，同時也是貓奴，具有投信投顧業務員、證券高業、財產+人身保險業務員證照， ...""}, {""rank"": 2, ""title"": ""柴鼠 兄弟"", ""channel"": ""柴鼠 兄弟"", ""channel_id"": ""UCyxMycm7iDsnSRAZfSThkKg"", ""channel_url"": ""https://www.youtube.com/channel/UCyxMycm7iDsnSRAZfSThkKg"", ""handle"": ""@柴鼠兄弟-j6t"", ""uploader_url"": ""https://www.youtube.com/@柴鼠兄弟-j6t"", ""subscriber_count"": 14, ""verified"": false, ""description"": ""股票财经专业知识，听我说准没错.""}, {""rank"": 3, ""title"": ""柴鼠兄弟 ZRBros"", ""channel"": ""柴鼠兄弟 ZRBros"", ""channel_id"": ""UC9h6-YVAU5sWy4Am-4BJUag"", ""channel_url"": ""https://www.youtube.com/channel/UC9h6-YVAU5sWy4Am-4BJUag"", ""handle"": ""@柴鼠兄弟ZRBros"", ""uploader_url"": ""https://www.youtube.com/@柴鼠兄弟ZRBros"", ""subscriber_count"": 10, ""verified"": false, ""description"": """"}]",Personal finance education benchmark.
TW038,王伯達觀點,finance,macro_investing,200k_500k,creator,medium,life cloudb,@lifecloudb5803,UCZ1D0w7dXQvD8Yb98LEHVbg,https://www.youtube.com/channel/UCZ1D0w7dXQvD8Yb98LEHVbg,https://www.youtube.com/@lifecloudb5803,29,false,low,top channel result does not clearly match candidate name,王伯達觀點,1,"[{""rank"": 1, ""title"": ""life cloudb"", ""channel"": ""life cloudb"", ""channel_id"": ""UCZ1D0w7dXQvD8Yb98LEHVbg"", ""channel_url"": ""https://www.youtube.com/channel/UCZ1D0w7dXQvD8Yb98LEHVbg"", ""handle"": ""@lifecloudb5803"", ""uploader_url"": ""https://www.youtube.com/@lifecloudb5803"", ""subscriber_count"": 29, ""verified"": false, ""description"": ""雲端B生活CloudBLife http://cloudblife.com 用雲端科技平衡創業(工作) 與生活!!""}]",Macro/finance commentary benchmark.
TW039,電獺少女,technology,consumer_electronics,1_0m_1_5m,creator_studio,high,Aotter Girls: Girl's Tech Talk,@aottergirls,UCAr4MVsPBKjhg5eLDDpbDFg,https://www.youtube.com/channel/UCAr4MVsPBKjhg5eLDDpbDFg,https://www.youtube.com/@aottergirls,1080000,true,low,top channel result does not clearly match candidate name,電獺少女,1,"[{""rank"": 1, ""title"": ""Aotter Girls: Girl's Tech Talk"", ""channel"": ""Aotter Girls: Girl's Tech Talk"", ""channel_id"": ""UCAr4MVsPBKjhg5eLDDpbDFg"", ""channel_url"": ""https://www.youtube.com/channel/UCAr4MVsPBKjhg5eLDDpbDFg"", ""handle"": ""@aottergirls"", ""uploader_url"": ""https://www.youtube.com/@aottergirls"", ""subscriber_count"": 1080000, ""verified"": true, ""description"": ""Aotter Girls is a group of girls fascinated by technology.\n\nYou can check out our unboxing and reviews of the latest consumer ...""}, {""rank"": 2, ""title"": ""Linda 零打"", ""channel"": ""Linda 零打"", ""channel_id"": ""UC2WhfIE7IVwmOWn_Do32SVw"", ""channel_url"": ""https://www.youtube.com/channel/UC2WhfIE7IVwmOWn_Do32SVw"", ""handle"": ""@lindawuss"", ""uploader_url"": ""https://www.youtube.com/@lindawuss"", ""subscriber_count"": 71700, ""verified"": false, ""description"": ""我是Linda，這個頻道除了科技產品開箱，也會和你分享很多關於我的生活！""}, {""rank"": 3, ""title"": ""電獺大叔們"", ""channel"": ""電獺大叔們"", ""channel_id"": ""UC2XT7WLHkITtDG42MaqjCoQ"", ""channel_url"": ""https://www.youtube.com/channel/UC2XT7WLHkITtDG42MaqjCoQ"", ""handle"": ""@aottersman"", ""uploader_url"": ""https://www.youtube.com/@aottersman"", ""subscriber_count"": 1560, ""verified"": false, ""description"": ""電獺大叔們的五四三，歡迎大家訂閱、分享、五四三。 講五四三就感覺好老氣，但其實電獺大叔們都沒有很老，而且個個有才華。""}]",Tech review benchmark.
TW040,科技狗 3C Dog,technology,consumer_electronics,500k_1_0m,creator_group,medium,Tech Dog,@3cdogs,UC5r-9EMDERXlUni-UWAtTdg,https://www.youtube.com/channel/UC5r-9EMDERXlUni-UWAtTdg,https://www.youtube.com/@3cdogs,176000,true,low,top channel result does not clearly match candidate name,科技狗 3C Dog,1,"[{""rank"": 1, ""title"": ""Tech Dog"", ""channel"": ""Tech Dog"", ""channel_id"": ""UC5r-9EMDERXlUni-UWAtTdg"", ""channel_url"": ""https://www.youtube.com/channel/UC5r-9EMDERXlUni-UWAtTdg"", ""handle"": ""@3cdogs"", ""uploader_url"": ""https://www.youtube.com/@3cdogs"", ""subscriber_count"": 176000, ""verified"": true, ""description"": ""We love technology gadgets. Phones, speakers, accessories, and cool stuff unboxing videos & reviews.\n\nPlease LIKE us, and ...""}, {""rank"": 2, ""title"": ""Mountain Yam 任朗呈 "", ""channel"": ""Mountain Yam 任朗呈 "", ""channel_id"": ""UCn9v-ZA2F3lnLHTv3FAVdZA"", ""channel_url"": ""https://www.youtube.com/channel/UCn9v-ZA2F3lnLHTv3FAVdZA"", ""handle"": ""@MountainYam"", ""uploader_url"": ""https://www.youtube.com/@MountainYam"", ""subscriber_count"": 47800, ""verified"": false, ""description"": ""記錄旅途真實瞬間｜開箱心動好物   一個愛到處走的香港人✂️ 做制服，也做新中式｜品牌112 mountainyam 把走過的風景， ...""}, {""rank"": 3, ""title"": ""電視鳥"", ""channel"": ""電視鳥"", ""channel_id"": ""UCGCEaJz1XCOZTxTLOwcpSWg"", ""channel_url"": ""https://www.youtube.com/channel/UCGCEaJz1XCOZTxTLOwcpSWg"", ""handle"": ""@BenLuV"", ""uploader_url"": ""https://www.youtube.com/@BenLuV"", ""subscriber_count"": 76, ""verified"": false, ""description"": """"}]",Tech review benchmark.
TW041,3cTim哥生活的日常,technology,consumer_electronics,500k_1_0m,creator,medium,3cTim,@3ctim,UCmoOnxeTHUcUBWFNSUR8HvQ,https://www.youtube.com/channel/UCmoOnxeTHUcUBWFNSUR8HvQ,https://www.youtube.com/@3ctim,1000000,true,high,partial normalized title match,3cTim哥生活的日常,1,"[{""rank"": 1, ""title"": ""3cTim"", ""channel"": ""3cTim"", ""channel_id"": ""UCmoOnxeTHUcUBWFNSUR8HvQ"", ""channel_url"": ""https://www.youtube.com/channel/UCmoOnxeTHUcUBWFNSUR8HvQ"", ""handle"": ""@3ctim"", ""uploader_url"": ""https://www.youtube.com/@3ctim"", ""subscriber_count"": 1000000, ""verified"": true, ""description"": ""Want to know first-hand technology, mobile phones, smart home appliances, electric vehicles, Apple software teaching tips ...""}, {""rank"": 2, ""title"": ""3cTim哥副頻道"", ""channel"": ""3cTim哥副頻道"", ""channel_id"": ""UCG9QL8lVyzBFeBbPtVgwn1A"", ""channel_url"": ""https://www.youtube.com/channel/UCG9QL8lVyzBFeBbPtVgwn1A"", ""handle"": ""@3ctimtim"", ""uploader_url"": ""https://www.youtube.com/@3ctimtim"", ""subscriber_count"": 16000, ""verified"": false, ""description"": ""... 裡面記錄所有Tim哥一家子的生活日常Vlog,強調不剪輯直接上傳的真實感[生活開箱]開箱各種生活產品當然也有3c只是3cTim哥生活 ...""}, {""rank"": 3, ""title"": ""ABETZ一輩子 TV"", ""channel"": ""ABETZ一輩子 TV"", ""channel_id"": ""UCLExoF8p6Rfq6uSkwLxwlfQ"", ""channel_url"": ""https://www.youtube.com/channel/UCLExoF8p6Rfq6uSkwLxwlfQ"", ""handle"": ""@abetztv7530"", ""uploader_url"": ""https://www.youtube.com/@abetztv7530"", ""subscriber_count"": 955, ""verified"": false, ""description"": ""ABETZ 《一輩子》創意影音由一群女孩所組成的創意影音團隊用溫馨做公益用創意做影音ABETZ Youtube頻道http://ppt.cc/gG3TS。""}]",Tech/lifestyle benchmark.
TW042,小施汽車生活頻道,automotive,car_market,500k_1_0m,creator,high,小施汽車生活頻道,@sscarlife,UCee8oHYP2XfJRAChLjq-x5g,https://www.youtube.com/channel/UCee8oHYP2XfJRAChLjq-x5g,https://www.youtube.com/@sscarlife,618000,true,high,exact normalized title match,小施汽車生活頻道,1,"[{""rank"": 1, ""title"": ""小施汽車生活頻道"", ""channel"": ""小施汽車生活頻道"", ""channel_id"": ""UCee8oHYP2XfJRAChLjq-x5g"", ""channel_url"": ""https://www.youtube.com/channel/UCee8oHYP2XfJRAChLjq-x5g"", ""handle"": ""@sscarlife"", ""uploader_url"": ""https://www.youtube.com/@sscarlife"", ""subscriber_count"": 618000, ""verified"": true, ""description"": ""分享。歡樂。救台灣※拍攝邀約與商案合作請洽工作人員:泰山聯絡信箱：penpip208@gmail.com ※※※二手車相關問題請私訊FB ...""}, {""rank"": 2, ""title"": ""小施與小夥伴們"", ""channel"": ""小施與小夥伴們"", ""channel_id"": ""UCj-6S57ijs3DWoGO7H5G4cQ"", ""channel_url"": ""https://www.youtube.com/channel/UCj-6S57ijs3DWoGO7H5G4cQ"", ""handle"": ""@sscarfriends"", ""uploader_url"": ""https://www.youtube.com/@sscarfriends"", ""subscriber_count"": 31600, ""verified"": false, ""description"": """"}, {""rank"": 3, ""title"": ""老施與小喬"", ""channel"": ""老施與小喬"", ""channel_id"": ""UCrctnvo_Ez1VZaPXIjiFZPg"", ""channel_url"": ""https://www.youtube.com/channel/UCrctnvo_Ez1VZaPXIjiFZPg"", ""handle"": ""@shih-joey-wang"", ""uploader_url"": ""https://www.youtube.com/@shih-joey-wang"", ""subscriber_count"": 27300, ""verified"": false, ""description"": """"}]",Automotive market/community benchmark.
TW043,SiCAR 愛車酷,automotive,car_reviews,500k_1_0m,creator_studio,medium,SiCAR愛車酷,@SiCAR愛車酷,UCD76jE_-uOSeyC2q8jX7pVQ,https://www.youtube.com/channel/UCD76jE_-uOSeyC2q8jX7pVQ,https://www.youtube.com/@SiCAR愛車酷,306000,false,high,exact normalized title match,SiCAR 愛車酷,1,"[{""rank"": 1, ""title"": ""SiCAR愛車酷"", ""channel"": ""SiCAR愛車酷"", ""channel_id"": ""UCD76jE_-uOSeyC2q8jX7pVQ"", ""channel_url"": ""https://www.youtube.com/channel/UCD76jE_-uOSeyC2q8jX7pVQ"", ""handle"": ""@SiCAR愛車酷"", ""uploader_url"": ""https://www.youtube.com/@SiCAR愛車酷"", ""subscriber_count"": 306000, ""verified"": false, ""description"": ""「SiCAR愛車酷」是一個很重視與各位車友溝通與互動的汽車社群媒體不管是試駕報導、車用產品試用分享或是安全駕駛教室等等 ...""}]",Car review benchmark.
TW044,小老婆汽機車資訊網,automotive,motorcycle,500k_1_0m,media,medium,小老婆汽機車資訊網 Jorsindo Motor Club,@JorsindoMotorClub,UCIw_XkMBw6DRNA_T92qLBiQ,https://www.youtube.com/channel/UCIw_XkMBw6DRNA_T92qLBiQ,https://www.youtube.com/@JorsindoMotorClub,244000,true,high,partial normalized title match,小老婆汽機車資訊網,1,"[{""rank"": 1, ""title"": ""小老婆汽機車資訊網 Jorsindo Motor Club"", ""channel"": ""小老婆汽機車資訊網 Jorsindo Motor Club"", ""channel_id"": ""UCIw_XkMBw6DRNA_T92qLBiQ"", ""channel_url"": ""https://www.youtube.com/channel/UCIw_XkMBw6DRNA_T92qLBiQ"", ""handle"": ""@JorsindoMotorClub"", ""uploader_url"": ""https://www.youtube.com/@JorsindoMotorClub"", ""subscriber_count"": 244000, ""verified"": true, ""description"": ""只要是愛玩車的年輕人，幾乎沒有人不知道「小老婆」！ 從2002年起，「小老婆」陪大家走過許多時光，從剛拿到駕照的新手變成 ...""}, {""rank"": 2, ""title"": ""小老婆汽機車資訊網 舊 YouTube 頻道"", ""channel"": ""小老婆汽機車資訊網 舊 YouTube 頻道"", ""channel_id"": ""UCBlWjIONDnXiJM81xg4qBuA"", ""channel_url"": ""https://www.youtube.com/channel/UCBlWjIONDnXiJM81xg4qBuA"", ""handle"": ""@jorsindo-old-channel"", ""uploader_url"": ""https://www.youtube.com/@jorsindo-old-channel"", ""subscriber_count"": 10400, ""verified"": false, ""description"": """"}, {""rank"": 3, ""title"": ""Wester 韋斯特"", ""channel"": ""Wester 韋斯特"", ""channel_id"": ""UCc7CvRnTffJ7kScNeBlLAuA"", ""channel_url"": ""https://www.youtube.com/channel/UCc7CvRnTffJ7kScNeBlLAuA"", ""handle"": ""@wester7598"", ""uploader_url"": ""https://www.youtube.com/@wester7598"", ""subscriber_count"": 149, ""verified"": false, ""description"": """"}]",Motorcycle community benchmark.
TW045,Superpie 超級派,automotive,luxury_cars,200k_500k,creator,high,SuperPie,@SuperPie399,UCPQWYGBnaNP-reCqkxVrTew,https://www.youtube.com/channel/UCPQWYGBnaNP-reCqkxVrTew,https://www.youtube.com/@SuperPie399,8630,false,medium,partial normalized title match,超派人生 Superpie,2,"[{""rank"": 1, ""title"": ""超派人生Superpie"", ""channel"": ""超派人生Superpie"", ""channel_id"": ""UCR_352pCZIWGrqq8Zt6ap8g"", ""channel_url"": ""https://www.youtube.com/channel/UCR_352pCZIWGrqq8Zt6ap8g"", ""handle"": ""@superpie1111"", ""uploader_url"": ""https://www.youtube.com/@superpie1111"", ""subscriber_count"": 410000, ""verified"": true, ""description"": ""超哥的超派人生熱愛美食、喜歡潮流文化來看我如何把生活過得又派又有趣吧！ 活動演出、商業合作請洽： ...""}, {""rank"": 2, ""title"": ""SuperPie"", ""channel"": ""SuperPie"", ""channel_id"": ""UCPQWYGBnaNP-reCqkxVrTew"", ""channel_url"": ""https://www.youtube.com/channel/UCPQWYGBnaNP-reCqkxVrTew"", ""handle"": ""@SuperPie399"", ""uploader_url"": ""https://www.youtube.com/@SuperPie399"", ""subscriber_count"": 8630, ""verified"": false, ""description"": ""Just a content creater.""}, {""rank"": 3, ""title"": ""Superpie"", ""channel"": ""Superpie"", ""channel_id"": ""UCdLmM0-e31ItpdeMqBphmeg"", ""channel_url"": ""https://www.youtube.com/channel/UCdLmM0-e31ItpdeMqBphmeg"", ""handle"": ""@Superpiepie"", ""uploader_url"": ""https://www.youtube.com/@Superpiepie"", ""subscriber_count"": 221, ""verified"": false, ""description"": ""Hi all you pies out their and welcome to my Channel. I play a lot of video games and drink a lot of GFUEL. I also do a lot of random ...""}]",Car/luxury creator benchmark; already used in tool testing.
TW046,蒼藍鴿的醫學天地,health,medicine,500k_1_0m,creator,high,蒼藍鴿的醫學天地,@bluepigeon0810,UCUn77_F5A65HViL9OEvIpLw,https://www.youtube.com/channel/UCUn77_F5A65HViL9OEvIpLw,https://www.youtube.com/@bluepigeon0810,890000,true,high,exact normalized title match,蒼藍鴿的醫學天地,1,"[{""rank"": 1, ""title"": ""蒼藍鴿的醫學天地"", ""channel"": ""蒼藍鴿的醫學天地"", ""channel_id"": ""UCUn77_F5A65HViL9OEvIpLw"", ""channel_url"": ""https://www.youtube.com/channel/UCUn77_F5A65HViL9OEvIpLw"", ""handle"": ""@bluepigeon0810"", ""uploader_url"": ""https://www.youtube.com/@bluepigeon0810"", ""subscriber_count"": 890000, ""verified"": true, ""description"": ""大家好，我是蒼藍鴿，台大醫學系畢業， 為Youtube醫學頻道及FB粉專「蒼藍鴿的醫學天地」創辦人， 亦為多所企業、學校健康講座 ...""}]",Medical education benchmark.
TW047,營養師 Ricky's Time,health,nutrition,500k_1_0m,creator,medium,營養師Ricky's Time,@RickysTime,UCd7BiGIGWKWGzwSSWlYQI2A,https://www.youtube.com/channel/UCd7BiGIGWKWGzwSSWlYQI2A,https://www.youtube.com/@RickysTime,381000,true,high,exact normalized title match,營養師 Ricky's Time,1,"[{""rank"": 1, ""title"": ""營養師Ricky's Time"", ""channel"": ""營養師Ricky's Time"", ""channel_id"": ""UCd7BiGIGWKWGzwSSWlYQI2A"", ""channel_url"": ""https://www.youtube.com/channel/UCd7BiGIGWKWGzwSSWlYQI2A"", ""handle"": ""@RickysTime"", ""uploader_url"": ""https://www.youtube.com/@RickysTime"", ""subscriber_count"": 381000, ""verified"": true, ""description"": ""擁有營養師+醫檢師兩張國家證照* 體適能健身C級指導員認證* 華醫生物科技公司營養顧問* Myprotein品牌大使* Youtube頻道：營養 ...""}, {""rank"": 2, ""title"": ""技安 CHI AN"", ""channel"": ""技安 CHI AN"", ""channel_id"": ""UClJlauaxRnvVQI63fRmHpMA"", ""channel_url"": ""https://www.youtube.com/channel/UClJlauaxRnvVQI63fRmHpMA"", ""handle"": ""@chian7799"", ""uploader_url"": ""https://www.youtube.com/@chian7799"", ""subscriber_count"": 301000, ""verified"": true, ""description"": ""一家人的快樂就是我最大的幸福更多技家的生活！ 訂閱技安的YouTube頻道→ https://reurl.cc/GdNRMZ​​​​​​​ ← 技安的FB粉 ...""}, {""rank"": 3, ""title"": ""InBody Taiwan日龍"", ""channel"": ""InBody Taiwan日龍"", ""channel_id"": ""UCkUgRlIVPJBjEsEyYOljy7g"", ""channel_url"": ""https://www.youtube.com/channel/UCkUgRlIVPJBjEsEyYOljy7g"", ""handle"": ""@inbodytaiwan9695"", ""uploader_url"": ""https://www.youtube.com/@inbodytaiwan9695"", ""subscriber_count"": 128, ""verified"": false, ""description"": """"}]",Nutrition/health benchmark.
TW048,好味營養師品瑄,health,nutrition_lifestyle,200k_500k,creator,medium,營養師品瑄,@dietitian_pink,UCLwFOT4tHGaK9kqXXExhPFQ,https://www.youtube.com/channel/UCLwFOT4tHGaK9kqXXExhPFQ,https://www.youtube.com/@dietitian_pink,341000,false,medium,partial normalized title match,好味營養師品瑄,1,"[{""rank"": 1, ""title"": ""營養師品瑄"", ""channel"": ""營養師品瑄"", ""channel_id"": ""UCLwFOT4tHGaK9kqXXExhPFQ"", ""channel_url"": ""https://www.youtube.com/channel/UCLwFOT4tHGaK9kqXXExhPFQ"", ""handle"": ""@dietitian_pink"", ""uploader_url"": ""https://www.youtube.com/@dietitian_pink"", ""subscriber_count"": 341000, ""verified"": false, ""description"": ""哈囉大家好～我是品瑄！ 我的頻道主要是想大家分享一些外食選擇的技巧，打破各種飲食迷思～希望大家都能健健康康的呦！ 想看更 ...""}, {""rank"": 2, ""title"": ""營養師品瑄日常"", ""channel"": ""營養師品瑄日常"", ""channel_id"": ""UCntpvCt_IoCErcqXkrMfBtw"", ""channel_url"": ""https://www.youtube.com/channel/UCntpvCt_IoCErcqXkrMfBtw"", ""handle"": ""@eat7daily"", ""uploader_url"": ""https://www.youtube.com/@eat7daily"", ""subscriber_count"": 27200, ""verified"": false, ""description"": ""歡迎來到營養師品瑄的副頻道！ 身為營養師，下班後都在做什麼呢？ 這裡分享我的瑣碎日常不一定健康，也很愛吃邪惡的紅燈區 ...""}, {""rank"": 3, ""title"": ""好味小姐腦波弱"", ""channel"": ""好味小姐腦波弱"", ""channel_id"": ""UCZp_f6DC_gDgJD8etJuIFJA"", ""channel_url"": ""https://www.youtube.com/channel/UCZp_f6DC_gDgJD8etJuIFJA"", ""handle"": ""@ladyflavor_brain"", ""uploader_url"": ""https://www.youtube.com/@ladyflavor_brain"", ""subscriber_count"": 635000, ""verified"": false, ""description"": ""養隻貓，做頓飯，一起過日子。 我是好味小姐脆脆～這是我的腦波弱頻道！ 除了貓咪，我在生活中其實也有很多很熱愛的東西， ...""}]",Health/nutrition plus lifestyle benchmark.
TW049,好味小姐 Lady Flavor,pets,lifestyle,500k_1_0m,creator_group,medium,好味小姐 Lady Flavor,@LadyFlavor,UCOz7W0VH--2WlqAE_3jtL4w,https://www.youtube.com/channel/UCOz7W0VH--2WlqAE_3jtL4w,https://www.youtube.com/@LadyFlavor,810000,true,high,exact normalized title match,好味小姐 Lady Flavor,1,"[{""rank"": 1, ""title"": ""好味小姐 Lady Flavor"", ""channel"": ""好味小姐 Lady Flavor"", ""channel_id"": ""UCOz7W0VH--2WlqAE_3jtL4w"", ""channel_url"": ""https://www.youtube.com/channel/UCOz7W0VH--2WlqAE_3jtL4w"", ""handle"": ""@LadyFlavor"", ""uploader_url"": ""https://www.youtube.com/@LadyFlavor"", ""subscriber_count"": 810000, ""verified"": true, ""description"": ""養隻貓，做頓飯，一起過日子。 好味小姐愛貓，愛與貓的每一天， 跟你分享好味家七貓的每一天～ 合作洽詢: ...""}, {""rank"": 2, ""title"": ""好味小姐腦波弱"", ""channel"": ""好味小姐腦波弱"", ""channel_id"": ""UCZp_f6DC_gDgJD8etJuIFJA"", ""channel_url"": ""https://www.youtube.com/channel/UCZp_f6DC_gDgJD8etJuIFJA"", ""handle"": ""@ladyflavor_brain"", ""uploader_url"": ""https://www.youtube.com/@ladyflavor_brain"", ""subscriber_count"": 635000, ""verified"": false, ""description"": ""這個頻道跟我自己有關的部分會多很多ＸＤ 貓咪比重可能會比較少一些～ 所以想看貓咪的人歡迎訂閱好味小姐Lady Flavor這個頻道 ...""}, {""rank"": 3, ""title"": ""方小樹"", ""channel"": ""方小樹"", ""channel_id"": ""UClxt_k5F5F4TIJ-x9LUR1GQ"", ""channel_url"": ""https://www.youtube.com/channel/UClxt_k5F5F4TIJ-x9LUR1GQ"", ""handle"": ""@方小樹"", ""uploader_url"": ""https://www.youtube.com/@方小樹"", ""subscriber_count"": null, ""verified"": false, ""description"": """"}]",Pet/lifestyle benchmark.
TW050,好味小姐腦波弱,podcast,lifestyle_pets,200k_500k,creator_group,medium,好味小姐腦波弱,@ladyflavor_brain,UCZp_f6DC_gDgJD8etJuIFJA,https://www.youtube.com/channel/UCZp_f6DC_gDgJD8etJuIFJA,https://www.youtube.com/@ladyflavor_brain,635000,false,high,exact normalized title match,好味小姐腦波弱,1,"[{""rank"": 1, ""title"": ""好味小姐腦波弱"", ""channel"": ""好味小姐腦波弱"", ""channel_id"": ""UCZp_f6DC_gDgJD8etJuIFJA"", ""channel_url"": ""https://www.youtube.com/channel/UCZp_f6DC_gDgJD8etJuIFJA"", ""handle"": ""@ladyflavor_brain"", ""uploader_url"": ""https://www.youtube.com/@ladyflavor_brain"", ""subscriber_count"": 635000, ""verified"": false, ""description"": ""養隻貓，做頓飯，一起過日子。 我是好味小姐脆脆～這是我的腦波弱頻道！ 除了貓咪，我在生活中其實也有很多很熱愛的東西， ...""}, {""rank"": 2, ""title"": ""好味小姐 Lady Flavor"", ""channel"": ""好味小姐 Lady Flavor"", ""channel_id"": ""UCOz7W0VH--2WlqAE_3jtL4w"", ""channel_url"": ""https://www.youtube.com/channel/UCOz7W0VH--2WlqAE_3jtL4w"", ""handle"": ""@LadyFlavor"", ""uploader_url"": ""https://www.youtube.com/@LadyFlavor"", ""subscriber_count"": 810000, ""verified"": true, ""description"": ""養隻貓，做頓飯，一起過日子。 好味小姐愛貓，愛與貓的每一天， 跟你分享好味家七貓的每一天～ 合作洽詢: ...""}, {""rank"": 3, ""title"": ""好口貝 HardCoreBae"", ""channel"": ""好口貝 HardCoreBae"", ""channel_id"": ""UCaYUS2t_AH5onLJT2MyKBIA"", ""channel_url"": ""https://www.youtube.com/channel/UCaYUS2t_AH5onLJT2MyKBIA"", ""handle"": ""@xbeckybabyx520"", ""uploader_url"": ""https://www.youtube.com/@xbeckybabyx520"", ""subscriber_count"": 271000, ""verified"": false, ""description"": ""愛冒險的膽小鬼x 宅在家的敢死隊您已參與夏娃＆夏娃的創世紀吃了這顆毒另狗(台語)，就還請訂閱在走別怕我們獅子大開口，只想和 ...""}]",Podcast/community benchmark connected to pet/lifestyle audience.
TW051,錫蘭Ceylan,commentary,internet_culture,borderline_1_5m_plus,creator,high,錫蘭Ceylan,@xilanceylan,UCVjmBo22Mimyc4NR4Nz89MA,https://www.youtube.com/channel/UCVjmBo22Mimyc4NR4Nz89MA,https://www.youtube.com/@xilanceylan,1550000,true,high,exact normalized title match,錫蘭 Ceylan,1,"[{""rank"": 1, ""title"": ""錫蘭Ceylan"", ""channel"": ""錫蘭Ceylan"", ""channel_id"": ""UCVjmBo22Mimyc4NR4Nz89MA"", ""channel_url"": ""https://www.youtube.com/channel/UCVjmBo22Mimyc4NR4Nz89MA"", ""handle"": ""@xilanceylan"", ""uploader_url"": ""https://www.youtube.com/@xilanceylan"", ""subscriber_count"": 1550000, ""verified"": true, ""description"": """"}, {""rank"": 2, ""title"": ""錫片"", ""channel"": ""錫片"", ""channel_id"": ""UCaIpvkwJK1MnSNqAhGzvxiw"", ""channel_url"": ""https://www.youtube.com/channel/UCaIpvkwJK1MnSNqAhGzvxiw"", ""handle"": ""@xilanceylan2"", ""uploader_url"": ""https://www.youtube.com/@xilanceylan2"", ""subscriber_count"": 421000, ""verified"": false, ""description"": ""錫蘭Ceylan的官方片段頻道。 主要放直播/視頻/深呼錫的精華。 以前這個頻道名字叫做“深呼錫”，“錫蘭Ceylan 片段”。所以你也可以 ...""}, {""rank"": 3, ""title"": ""錫蘭Ceylan - 直播!"", ""channel"": ""錫蘭Ceylan - 直播!"", ""channel_id"": ""UCIHQ778ZZ0Yu5or6mH4sxeA"", ""channel_url"": ""https://www.youtube.com/channel/UCIHQ778ZZ0Yu5or6mH4sxeA"", ""handle"": ""@ceylan-2408"", ""uploader_url"": ""https://www.youtube.com/@ceylan-2408"", ""subscriber_count"": 9290, ""verified"": false, ""description"": """"}]",Chinese-language Taiwan-focused commentary benchmark; requested addition for cross-channel comparison.
